geneName,DEG_id,uniprot_id
SKI,DEG20110001,P12755
GNB1,DEG20110002,P62873
GABRD,DEG20110003,O14764
RER1,DEG20110004,O15258
PRDM16,DEG20110005,Q9HAZ2
TP73,DEG20110006,O15350
PANK4,DEG20110007,Q9NVE7
ICMT,DEG20110008,O60725
AJAP1,DEG20110009,Q9UKB5
CHD5,DEG20110010,Q8TDI0
PHF13,DEG20110011,Q86YI8
DNAJC11,DEG20110012,Q9NVH1
PIK3CD,DEG20110013,O00329
CAMTA1,DEG20110014,Q9Y6Y1
PARK7,DEG20110015,Q99497
RERE,DEG20110016,Q9P2R6
TARDBP,DEG20110017,Q13148
PGD,DEG20110018,P52209
CASZ1,DEG20110019,Q86V15
KIF1B,DEG20110020,O60333
UBE4B,DEG20110021,O95155
MFN2,DEG20110022,O95140
MTOR,DEG20110023,P42345
VPS13D,DEG20110024,Q5THJ4
PRDM2,DEG20110025,Q13029
SPEN,DEG20110026,Q96T58
ZBTB17,DEG20110027,Q13105
DDI2,DEG20110028,Q5TDH0
FBXO42,DEG20110029,Q6P3S6
UBR4,DEG20110030,Q5T4S7
EIF4G3,DEG20110031,O43432
ECE1,DEG20110032,P42892
HP1BP3,DEG20110033,Q5SSJ5
RAP1GAP,DEG20110034,P47736
EPHB2,DEG20110035,P29323
USP48,DEG20110036,Q86UV5
KDM1A,DEG20110037,O60341
HNRNPR,DEG20110038,O43390
TCEB3,DEG20110039,Q14241
LYPLA2,DEG20110040,O95372
E2F2,DEG20110041,Q14209
TMEM57,DEG20110042,Q8N5G2
GRHL3,DEG20110043,Q8TE85
SRRM1,DEG20110044,Q8IYB3
WDTC1,DEG20110045,Q8N5D0
ARID1A,DEG20110046,O14497
SLC9A1,DEG20110047,P19634
EYA3,DEG20110048,Q99504
PPP1R8,DEG20110049,Q12972
AHDC1,DEG20110050,Q5TGY3
WASF2,DEG20110051,Q9Y6W5
SRSF4,DEG20110052,Q08170
PUM1,DEG20110053,Q14671
PTPRU,DEG20110054,Q92729
GMEB1,DEG20110055,Q9Y692
YTHDF2,DEG20110056,Q9Y5A9
ADGRB2,DEG20110057,O60241
KPNA6,DEG20110058,O60684
TXLNA,DEG20110059,P40222
KHDRBS1,DEG20110060,Q07666
ZBTB8OS,DEG20110061,Q8IWT0
HDAC1,DEG20110062,Q13547
RBBP4,DEG20110063,Q09028
LCK,DEG20110064,P06239
S100PBP,DEG20110065,Q96BU1
SFPQ,DEG20110066,P23246
DLGAP3,DEG20110067,O95886
ZNF362,DEG20110068,Q5T0B9
ZMYM4,DEG20110069,Q5VZL5
AGO3,DEG20110070,Q9H9G7
AGO4,DEG20110071,Q9HCK5
MAP7D1,DEG20110072,Q3KQU3
CLSPN,DEG20110073,Q9HAW4
PSMB2,DEG20110074,P49721
AGO1,DEG20110075,Q9UL18
NCDN,DEG20110076,Q9UBB6
THRAP3,DEG20110077,Q9Y2W1
STK40,DEG20110078,Q8N2I9
ZC3H12A,DEG20110079,Q5D1E8
MTF1,DEG20110080,Q14872
SF3A3,DEG20110081,Q12874
SNIP1,DEG20110082,Q8TAD8
GRIK3,DEG20110083,Q13003
PPIE,DEG20110084,Q9UNP9
PABPC4,DEG20110085,Q13310
MACF1,DEG20110086,Q9UPN3
RLF,DEG20110087,Q13129
CTPS1,DEG20110088,P17812
KCNQ4,DEG20110089,P56696
MFSD2A,DEG20110090,Q8NA29
FOXJ3,DEG20110091,Q9UPW0
SLC2A1,DEG20110092,P11166
YBX1,DEG20110093,P67809
PTPRF,DEG20110094,P10586
ATP6V0B,DEG20110095,Q99437
KDM4A,DEG20110096,O75164
IPO13,DEG20110097,O94829
RNF220,DEG20110098,Q5VTB9
RPS8,DEG20110099,P62241
LRRC41,DEG20110100,Q15345
DMBX1,DEG20110101,Q8NFW5
FAF1,DEG20110102,Q9UNN5
ZFYVE9,DEG20110103,O95405
OSBPL9,DEG20110104,Q96SU4
ELAVL4,DEG20110105,P26378
ZCCHC11,DEG20110106,Q5TAX3
NDC1,DEG20110107,Q9BTX1
ZYG11B,DEG20110108,Q9C0D3
LRP8,DEG20110109,Q14114
PRPF38A,DEG20110110,Q8NAV1
SSBP3,DEG20110111,Q9BWW4
DHCR24,DEG20110112,Q15392
PLPP3,DEG20110113,O14495
DAB1,DEG20110114,O75553
USP24,DEG20110115,Q9UPU5
NFIA,DEG20110116,Q12857
ROR1,DEG20110117,Q01973
USP1,DEG20110118,O94782
JAK1,DEG20110119,P23458
SGIP1,DEG20110120,Q9BQI5
MIER1,DEG20110121,Q8N108
SERBP1,DEG20110122,Q8NC51
LEPR,DEG20110123,P48357
DNAJC6,DEG20110124,O75061
SRSF11,DEG20110125,Q05519
ZRANB2,DEG20110126,O95218
NEGR1,DEG20110127,Q7Z3B1
LRRC7,DEG20110128,Q96NW7
ANKRD13C,DEG20110129,Q8N6S4
FUBP1,DEG20110130,Q96AE4
ZZZ3,DEG20110131,Q8IYH5
USP33,DEG20110132,Q8TEY7
ADGRL2,DEG20110133,O95490
PKN2,DEG20110134,Q16513
ZNF326,DEG20110135,Q5BKZ1
ZNF644,DEG20110136,Q9H582
ABCD3,DEG20110137,P28288
ARHGAP29,DEG20110138,Q52LW3
RPL5,DEG20110139,P46777
BCAR3,DEG20110140,O75815
MTF2,DEG20110141,Q9Y483
FNBP1L,DEG20110142,Q5T0N5
MFSD14A,DEG20110143,Q96MC6
PLPPR4,DEG20110144,-
PLPPR5,DEG20110145,-
PTBP2,DEG20110146,Q9UKA9
PRPF38B,DEG20110147,Q5VTL8
COL11A1,DEG20110148,P12107
WDR47,DEG20110149,O94967
SORT1,DEG20110150,Q99523
PSMA5,DEG20110151,P28066
CELSR2,DEG20110152,Q9HCU4
SARS,DEG20110153,P49591
SLC6A17,DEG20110154,Q9H1V8
CSF1,DEG20110155,P09603
RBM15,DEG20110156,Q96T37
AHCYL1,DEG20110157,O43865
RAP1A,DEG20110158,P62834
CEPT1,DEG20110159,Q9Y6K0
HIPK1,DEG20110160,Q86Z02
CAPZA1,DEG20110161,P52907
MOV10,DEG20110162,Q9HCE1
SYCP1,DEG20110163,Q15431
NRAS,DEG20110164,P01111
TRIM33,DEG20110165,Q9UPN9
CSDE1,DEG20110166,O75534
ATP1A1,DEG20110167,P05023
IGSF3,DEG20110168,O75054
MAN1A2,DEG20110169,O60476
ANKRD34A,DEG20110170,Q69YU3
RBM8A,DEG20110171,Q9Y5S9
NOTCH2,DEG20110172,Q04721
PIAS3,DEG20110173,Q9Y6X2
FCGR1A,DEG20110174,P12314
SF3B4,DEG20110175,Q15427
ANP32E,DEG20110176,Q9BTT0
PRPF3,DEG20110177,O43395
PLEKHO1,DEG20110178,Q53GL0
RPRD2,DEG20110179,Q5VT52
MCL1,DEG20110180,Q07820
ARNT,DEG20110181,P27540
SETDB1,DEG20110182,Q15047
CERS2,DEG20110183,Q96G23
PI4KB,DEG20110184,Q9UBF8
SNX27,DEG20110185,Q96L92
POGZ,DEG20110186,Q7Z3K3
PSMD4,DEG20110187,P55036
ZNF687,DEG20110188,Q8N1G0
RORC,DEG20110189,P51449
CHTOP,DEG20110190,Q9Y3Y2
CRTC2,DEG20110191,Q53ET0
INTS3,DEG20110192,Q68E01
ILF2,DEG20110193,Q12905
GATAD2B,DEG20110194,Q8WXI9
DENND4B,DEG20110195,O75064
UBAP2L,DEG20110196,Q14157
ADAR,DEG20110197,P55265
UBE2Q1,DEG20110198,Q7Z7E8
ATP8B2,DEG20110199,P98198
PYGO2,DEG20110200,Q9BRQ0
TRIM46,DEG20110201,Q7Z4K8
ASH1L,DEG20110202,Q9NR48
GON4L,DEG20110203,Q3T8J9
KIAA0907,DEG20110204,Q7Z7F0
CLK2,DEG20110205,P49760
ARHGEF2,DEG20110206,Q92974
UBQLN4,DEG20110207,Q9NRR5
RUSC1,DEG20110208,Q9BVN2
LMNA,DEG20110209,P02545
MEF2D,DEG20110210,Q14814
CCT3,DEG20110211,P49368
SMG5,DEG20110212,Q9UPR3
ARHGEF11,DEG20110213,O15085
PRCC,DEG20110214,Q92733
KIRREL,DEG20110215,Q96J84
CADM3,DEG20110216,Q8N126
DCAF8,DEG20110217,Q5TAQ9
COPA,DEG20110218,P53621
NCSTN,DEG20110219,Q92542
VANGL2,DEG20110220,Q9ULK5
ARHGAP30,DEG20110221,Q7Z6I6
NDUFS2,DEG20110222,O75306
PBX1,DEG20110223,P40424
RXRG,DEG20110224,P48443
UAP1,DEG20110225,Q16222
LMX1A,DEG20110226,Q8TE12
DDR2,DEG20110227,Q16832
DCAF6,DEG20110228,Q58WW2
POGK,DEG20110229,Q9P215
UCK2,DEG20110230,Q9BZX2
POU2F1,DEG20110231,P14859
ATP1B1,DEG20110232,P05026
PRRC2C,DEG20110233,Q9Y520
VAMP4,DEG20110234,O75379
RFWD2,DEG20110235,Q8NHY2
RC3H1,DEG20110236,Q5TC82
CACYBP,DEG20110237,Q9HB71
SERPINC1,DEG20110238,P01008
ASTN1,DEG20110239,O14525
BRINP2,DEG20110240,Q9C0B6
TNR,DEG20110241,Q92752
TDRD5,DEG20110242,Q8NAT2
CEP350,DEG20110243,Q5VT06
RALGPS2,DEG20110244,Q86X27
GLUL,DEG20110245,P15104
CACNA1E,DEG20110246,Q15878
DHX9,DEG20110247,Q08211
NMNAT2,DEG20110248,Q9BZQ4
LAMC1,DEG20110249,P11047
XPR1,DEG20110250,Q9UBH6
SMG7,DEG20110251,Q92540
RNF2,DEG20110252,Q99496
IVNS1ABP,DEG20110253,Q9Y6Y0
TRMT1L,DEG20110254,Q7Z2T5
TPR,DEG20110255,P12270
RGL1,DEG20110256,Q9NZL6
CFH,DEG20110257,P08603
PTGS2,DEG20110258,P35354
CDC73,DEG20110259,Q6P1J9
KIF21B,DEG20110260,O75037
NR5A2,DEG20110261,O00482
CAMSAP2,DEG20110262,Q08AD1
ZNF281,DEG20110263,Q9Y2X9
LHX9,DEG20110264,Q9NQ69
PTPRC,DEG20110265,P08575
ELF3,DEG20110266,P78545
IPO9,DEG20110267,Q96P70
NAV1,DEG20110268,Q8NEY1
TMEM183A,DEG20110269,Q8IXX5
PIK3C2B,DEG20110270,O00750
ZC3H11A,DEG20110271,O75152
MDM4,DEG20110272,O15151
PLEKHA6,DEG20110273,Q9Y2H5
RBBP5,DEG20110274,Q15291
SOX13,DEG20110275,Q9UN79
NFASC,DEG20110276,O94856
NUCKS1,DEG20110277,Q9H1E3
MAPKAPK2,DEG20110278,P49137
SYT14,DEG20110279,Q8NB59
IRF6,DEG20110280,O14896
PLXNA2,DEG20110281,O75051
SLC30A1,DEG20110282,Q9Y6M5
PROX1,DEG20110283,Q92786
LPGAT1,DEG20110284,Q92604
PTPN14,DEG20110285,Q15678
TGFB2,DEG20110286,P61812
MARK1,DEG20110287,Q9P0L2
ESRRG,DEG20110288,P62508
KCTD3,DEG20110289,Q9Y597
RAB3GAP2,DEG20110290,Q9H2M9
SLC30A10,DEG20110291,Q6XR72
FBXO28,DEG20110292,Q9NVF7
WDR26,DEG20110293,Q9H7D7
ENAH,DEG20110294,Q8N8S7
LBR,DEG20110295,Q14739
ACBD3,DEG20110296,Q9H3P7
LIN9,DEG20110297,Q5TKA1
ITPKB,DEG20110298,P27987
CDC42BPA,DEG20110299,Q5VT25
TAF5L,DEG20110300,O75529
TSNAX,DEG20110301,Q99598
EGLN1,DEG20110302,Q9GZT9
EXOC8,DEG20110303,Q8IYI6
SPRTN,DEG20110304,Q9H040
SIPA1L2,DEG20110305,Q9P2F8
HEATR1,DEG20110306,Q9H583
RYR2,DEG20110307,Q92736
LYST,DEG20110308,Q99698
ARID4B,DEG20110309,Q4LE39
ACTN2,DEG20110310,P35609
CHRM3,DEG20110311,P20309
FMN2,DEG20110312,Q9NZ56
AKT3,DEG20110313,Q9Y243
ZBTB18,DEG20110314,Q99592
CNST,DEG20110315,Q6PJW8
DESI2,DEG20110316,Q9BSY9
KIF26B,DEG20110317,Q2KJY2
AHCTF1,DEG20110318,Q8WYP5
ZNF496,DEG20110319,Q96IT1
HNRNPU,DEG20110320,Q00839
MYT1L,DEG20110321,Q9UL68
RPS7,DEG20110322,P62081
ODC1,DEG20110323,P11926
RRM2,DEG20110324,P31350
ASAP2,DEG20110325,O43150
RNF144A,DEG20110326,P50876
ADAM17,DEG20110327,P78536
GRHL1,DEG20110328,Q9NZI5
MYCN,DEG20110329,P04198
DDX1,DEG20110330,Q92499
TRIB2,DEG20110331,Q92519
ROCK2,DEG20110332,O75116
PUM2,DEG20110333,Q8TB72
NCOA1,DEG20110334,Q15788
ATAD2B,DEG20110335,Q9ULI0
KIF3C,DEG20110336,O14782
DPYSL5,DEG20110337,Q9BPU6
ASXL2,DEG20110338,Q76L83
RAB10,DEG20110339,P61026
ZNF513,DEG20110340,Q8N8E2
CAD,DEG20110341,P27708
GTF3C2,DEG20110342,Q8WUA4
NRBP1,DEG20110343,Q9UHY1
ZNF512,DEG20110344,Q96ME7
FOSL2,DEG20110345,P15408
PPP1CB,DEG20110346,P62140
PPM1G,DEG20110347,O15355
WDR43,DEG20110348,Q15061
SPAST,DEG20110349,Q9UBP0
CRIM1,DEG20110350,Q9NZV1
STRN,DEG20110351,O43815
BIRC6,DEG20110352,Q9NR09
SRSF7,DEG20110353,Q16629
SLC8A1,DEG20110354,P32418
ATL2,DEG20110355,Q8NHH9
SOS1,DEG20110356,Q07889
TMEM178A,DEG20110357,Q8NBL3
EPAS1,DEG20110358,Q99814
PRKCE,DEG20110359,Q02156
FBXO11,DEG20110360,Q86XK2
PSME4,DEG20110361,Q14997
SPTBN1,DEG20110362,Q01082
CCDC88A,DEG20110363,Q3V6T2
NRXN1,DEG20110364,P58400
CCT4,DEG20110365,P50991
REL,DEG20110366,Q04864
PNPT1,DEG20110367,Q8TCS8
XPO1,DEG20110368,O14980
PAPOLG,DEG20110369,Q9BWT3
USP34,DEG20110370,Q70CQ2
EFEMP1,DEG20110371,Q12805
MEIS1,DEG20110372,O00470
VPS54,DEG20110373,Q9P1Q0
PELI1,DEG20110374,Q96FA3
ETAA1,DEG20110375,Q9NY74
EHBP1,DEG20110376,Q8NDI1
ACTR2,DEG20110377,P61160
MDH1,DEG20110378,P40925
AFTPH,DEG20110379,Q6ULP2
ANTXR1,DEG20110380,Q9H6X2
GFPT1,DEG20110381,Q06210
AAK1,DEG20110382,Q2M2I8
ADD2,DEG20110383,P35612
FBXO41,DEG20110384,Q8TF61
CCT7,DEG20110385,Q99832
ZNF638,DEG20110386,Q14966
CYP26B1,DEG20110387,Q9NR63
TET3,DEG20110388,O43151
INO80B,DEG20110389,Q9C086
PCGF1,DEG20110390,Q9BSM1
CTNNA2,DEG20110391,P26232
LRRTM1,DEG20110392,Q86UE6
RMND5A,DEG20110393,Q9H871
POLR1A,DEG20110394,O95602
KDM3A,DEG20110395,Q9Y4C1
REEP1,DEG20110396,Q9H902
KANSL3,DEG20110397,Q9P2N6
SNRNP200,DEG20110398,O75643
ARID5A,DEG20110399,Q03989
STARD7,DEG20110400,Q9NQZ5
SEMA4C,DEG20110401,Q9C0C4
INPP4A,DEG20110402,Q96PE3
TMEM131,DEG20110403,Q92545
AFF3,DEG20110404,P51826
CNOT11,DEG20110405,Q9UKZ1
REV1,DEG20110406,Q9UBZ9
MAP4K4,DEG20110407,O95819
NPAS2,DEG20110408,Q99743
RANBP2,DEG20110409,P49792
BCL2L11,DEG20110410,O43521
SH3RF3,DEG20110411,Q8TEJ3
POLR1B,DEG20110412,Q9H9Y6
ZC3H6,DEG20110413,P61129
IL1B,DEG20110414,P01584
TTL,DEG20110415,Q8NG68
ACTR3,DEG20110416,P61158
CBWD2,DEG20110417,Q8IUF1
RABL2A,DEG20110418,Q9UBK7
DPP10,DEG20110419,Q8N608
PAX8,DEG20110420,Q06710
MAP3K2,DEG20110421,Q9Y2U5
PTPN4,DEG20110422,P29074
CLASP1,DEG20110423,Q7Z460
TFCP2L1,DEG20110424,Q9NZI6
INHBB,DEG20110425,P09529
TSN,DEG20110426,Q15631
GLI2,DEG20110427,P10070
HS6ST1,DEG20110428,O60243
WDR33,DEG20110429,Q9C0J8
AMMECR1L,DEG20110430,Q6DCA0
SAP130,DEG20110431,Q9H0E3
IWS1,DEG20110432,Q96ST2
UBXN4,DEG20110433,Q92575
MCM6,DEG20110434,Q14566
MGAT5,DEG20110435,Q09328
ACVR2A,DEG20110436,P27037
EPC2,DEG20110437,Q52LR7
KIF5C,DEG20110438,O60282
ZEB2,DEG20110439,O60315
RND3,DEG20110440,P61587
LRP1B,DEG20110441,Q9NZR2
MBD5,DEG20110442,Q9P267
RIF1,DEG20110443,Q5UIP0
NR4A2,DEG20110444,P43354
ACVR1,DEG20110445,Q04771
FMNL2,DEG20110446,Q96PY5
KCNJ3,DEG20110447,P48549
PRPF40A,DEG20110448,O75400
MARCH7,DEG20110449,Q9H992
TBR1,DEG20110450,Q16650
KCNH7,DEG20110451,Q9NS40
BAZ2B,DEG20110452,Q9UIF8
RBMS1,DEG20110453,P29558
TANK,DEG20110454,Q92844
SCN1A,DEG20110455,P35498
SCN3A,DEG20110456,Q9NY46
STK39,DEG20110457,Q9UEW8
SCN2A,DEG20110458,Q99250
PPIG,DEG20110459,Q13427
TLK1,DEG20110460,Q9UKI8
LRP2,DEG20110461,P98164
UBR3,DEG20110462,Q6ZT12
RAPGEF4,DEG20110463,Q8WZA2
DLX1,DEG20110464,P56177
SP3,DEG20110465,Q02447
WIPF1,DEG20110466,O43516
HNRNPA3,DEG20110467,P51991
SESTD1,DEG20110468,Q86VW0
OSBPL6,DEG20110469,Q9BZF3
AGPS,DEG20110470,O00116
CALCRL,DEG20110471,Q16602
COL5A2,DEG20110472,P05997
ZC3H15,DEG20110473,Q8WU90
NCKAP1,DEG20110474,Q9Y2A7
COL3A1,DEG20110475,P02461
STAT4,DEG20110476,Q14765
SLC40A1,DEG20110477,Q9NP59
GLS,DEG20110478,O94925
STAT1,DEG20110479,P42224
SF3B1,DEG20110480,O75533
HSPD1,DEG20110481,P10809
SLC39A10,DEG20110482,Q9ULF5
HECW2,DEG20110483,Q9P2P5
ORC2,DEG20110484,Q13416
FAM126B,DEG20110485,Q8IXS8
CFLAR,DEG20110486,O15519
SATB2,DEG20110487,Q9UPW6
SPATS2L,DEG20110488,Q9NUQ6
BMPR2,DEG20110489,Q13873
ADAM23,DEG20110490,O75077
KLF7,DEG20110491,O75840
INO80D,DEG20110492,Q53TQ3
RAPH1,DEG20110493,Q70E73
ABI2,DEG20110494,Q9NYB9
CREB1,DEG20110495,P16220
MAP2,DEG20110496,P11137
CCNYL1,DEG20110497,Q8N7R7
PIKFYVE,DEG20110498,Q9Y2I7
ERBB4,DEG20110499,Q15303
XRCC5,DEG20110500,P13010
IKZF2,DEG20110501,Q9UKS7
ARPC2,DEG20110502,O15144
USP37,DEG20110503,Q86T82
RQCD1,DEG20110504,Q92600
CTDSP1,DEG20110505,Q9GZU7
TNS1,DEG20110506,Q9HBL0
EPHA4,DEG20110507,P54764
PAX3,DEG20110508,P23760
SPEG,DEG20110509,Q15772
FARSB,DEG20110510,Q9NSD9
NYAP2,DEG20110511,Q9P242
CUL3,DEG20110512,Q13618
AGFG1,DEG20110513,P52594
TRIP12,DEG20110514,Q14669
PSMD1,DEG20110515,Q99460
EIF4E2,DEG20110516,O60573
NCL,DEG20110517,P19338
DGKD,DEG20110518,Q16760
GIGYF2,DEG20110519,Q6Y7W6
NGEF,DEG20110520,Q8N5V2
ATG16L1,DEG20110521,Q676U5
AGAP1,DEG20110522,Q9UPQ3
HDAC4,DEG20110523,P56524
ILKAP,DEG20110524,Q9H0C8
UBE2F,DEG20110525,Q969M7
PER2,DEG20110526,O15055
HDLBP,DEG20110527,Q00341
SNED1,DEG20110528,Q8TER0
KIF1A,DEG20110529,Q12756
ATG4B,DEG20110530,Q9Y4P1
GRM7,DEG20110531,Q14831
BHLHE40,DEG20110532,O14503
CNTN4,DEG20110533,Q8IWV2
ITPR1,DEG20110534,Q14643
SRGAP3,DEG20110535,O43295
BRPF1,DEG20110536,P55201
ARPC4,DEG20110537,P59998
SETD5,DEG20110538,Q9C0A6
ATP2B2,DEG20110539,Q01814
SLC6A1,DEG20110540,P30531
RAF1,DEG20110541,P04049
IQSEC1,DEG20110542,Q6DN90
FGD5,DEG20110543,Q6ZNL6
NR2C2,DEG20110544,P49116
SLC6A6,DEG20110545,P31641
ANKRD28,DEG20110546,O15084
DAZL,DEG20110547,Q92904
PLCL2,DEG20110548,Q9UPR0
RARB,DEG20110549,P10826
UBE2E2,DEG20110550,Q96LR5
THRB,DEG20110551,P10828
KAT2B,DEG20110552,Q92831
TOP2B,DEG20110553,Q02880
RPL15,DEG20110554,P61313
TRIM71,DEG20110555,Q2Q1W2
STT3B,DEG20110556,Q8TCJ2
CNOT10,DEG20110557,Q9H9A5
DYNC1LI1,DEG20110558,Q9Y6G9
CLASP2,DEG20110559,O75122
UBP1,DEG20110560,Q9NZI7
SCN5A,DEG20110561,Q14524
WDR48,DEG20110562,Q8TAF3
OXSR1,DEG20110563,O95747
ACVR2B,DEG20110564,Q13705
CTNNB1,DEG20110565,P35222
ZBTB47,DEG20110566,Q9UFB7
RPL14,DEG20110567,P50914
NKTR,DEG20110568,P30414
ZNF445,DEG20110569,P59923
SNRK,DEG20110570,Q9NRH2
SETD2,DEG20110571,Q9BYW2
DHX30,DEG20110572,Q7L2E3
CDC25A,DEG20110573,P30304
SMARCC1,DEG20110574,Q92922
KLHL18,DEG20110575,O94889
MAP4,DEG20110576,P27816
CELSR3,DEG20110577,Q9NYQ7
IP6K2,DEG20110578,Q9UHH9
QRICH1,DEG20110579,Q2TAL8
ARIH2,DEG20110580,O95376
PRKAR2A,DEG20110581,P13861
DAG1,DEG20110582,Q14118
RNF123,DEG20110583,Q5XPI4
USP19,DEG20110584,O94966
BSN,DEG20110585,Q9UPA5
RBM5,DEG20110586,P52756
CAMKV,DEG20110587,Q8NCB2
SEMA3F,DEG20110588,Q13275
RBM6,DEG20110589,P78332
GRM2,DEG20110590,Q14416
TEX264,DEG20110591,Q9Y6I9
RBM15B,DEG20110592,Q8NDT2
DOCK3,DEG20110593,Q8IZD9
CACNA2D2,DEG20110594,Q9NY47
RAD54L2,DEG20110595,Q9Y4B4
ALAS1,DEG20110596,P13196
WDR82,DEG20110597,Q6UXN9
PBRM1,DEG20110598,Q86U86
WNT5A,DEG20110599,P41221
CACNA1D,DEG20110600,Q01668
ARHGEF3,DEG20110601,Q9NR81
CACNA2D3,DEG20110602,Q8IZS8
SFMBT1,DEG20110603,Q9UHJ3
ERC2,DEG20110604,O15083
DCP1A,DEG20110605,Q9NPI6
FAM208A,DEG20110606,Q9UK61
TMEM110,DEG20110607,Q86TL2
PRKCD,DEG20110608,Q05655
ARF4,DEG20110609,P18085
PXK,DEG20110610,Q7Z7A4
SLMAP,DEG20110611,Q14BN4
MAGI1,DEG20110612,Q96QZ7
PRICKLE2,DEG20110613,Q7Z3G6
THOC7,DEG20110614,Q6I9Y2
FEZF2,DEG20110615,Q8TBJ5
PSMD6,DEG20110616,Q15008
ATXN7,DEG20110617,O15265
PDZRN3,DEG20110618,Q9UPQ7
MITF,DEG20110619,O75030
PPP4R2,DEG20110620,Q9NY27
FOXP1,DEG20110621,Q9H334
UBA3,DEG20110622,Q8TBC4
EPHA6,DEG20110623,Q9UF33
ROBO2,DEG20110624,Q9HCK4
ZNF654,DEG20110625,Q8IZM8
CADM2,DEG20110626,Q8N3J6
TOMM70A,DEG20110627,O94826
NFKBIZ,DEG20110628,Q9BYH8
SENP7,DEG20110629,Q9BQF6
BBX,DEG20110630,Q8WY36
CBLB,DEG20110631,Q13191
ALCAM,DEG20110632,Q13740
ATG3,DEG20110633,Q9NT62
LSAMP,DEG20110634,Q13449
TMEM39A,DEG20110635,Q9NV64
ZBTB20,DEG20110636,Q9HC78
ARHGAP31,DEG20110637,Q2M1Z3
ATP6V1A,DEG20110638,P38606
USF3,DEG20110639,Q68DE3
GSK3B,DEG20110640,P49841
STXBP5L,DEG20110641,Q9Y2K9
FSTL1,DEG20110642,Q12841
GTF2E1,DEG20110643,P29083
CD86,DEG20110644,P42081
KPNA1,DEG20110645,P52294
HACD2,DEG20110646,Q6Y1H2
ADCY5,DEG20110647,O95622
KALRN,DEG20110648,O60229
ZNF148,DEG20110649,Q9UQR1
PODXL2,DEG20110650,Q9NZ53
PLXNA1,DEG20110651,Q9UIW2
RUVBL1,DEG20110652,Q9Y265
SEC61A1,DEG20110653,P61619
GATA2,DEG20110654,P23769
CNBP,DEG20110655,P62633
ISY1-RAB43,DEG20110656,-
RAB7A,DEG20110657,P51149
COPG1,DEG20110658,Q9Y678
ISY1,DEG20110659,Q9ULR0
PLXND1,DEG20110660,Q9Y4D7
DNAJC13,DEG20110661,O75165
ATP2C1,DEG20110662,P98194
EPHB1,DEG20110663,P54762
TOPBP1,DEG20110664,Q92547
STAG1,DEG20110665,Q8WVM7
PPP2R3A,DEG20110666,Q06190
TMEM108,DEG20110667,Q6UXF1
COPB2,DEG20110668,P35606
PIK3CB,DEG20110669,P42338
ARMC8,DEG20110670,Q8IUR7
XRN1,DEG20110671,Q8IZH2
TFDP2,DEG20110672,Q14188
ZBTB38,DEG20110673,Q8NAP3
U2SURP,DEG20110674,O15042
WWTR1,DEG20110675,Q9GZV5
MED12L,DEG20110676,Q86YW9
MBNL1,DEG20110677,Q9NR56
DHX36,DEG20110678,Q9H2U1
GMPS,DEG20110679,P49915
CCNL1,DEG20110680,Q9UK58
TIPARP,DEG20110681,Q7Z3E1
SCHIP1,DEG20110682,Q9P0W5
MECOM,DEG20110683,Q03112
SERPINI1,DEG20110684,Q99574
KPNA4,DEG20110685,O00629
PDCD10,DEG20110686,Q9BUL8
PHC3,DEG20110687,Q8NDX5
SEC62,DEG20110688,Q99442
FNDC3B,DEG20110689,Q53EP0
TNIK,DEG20110690,Q9UKE5
PIK3CA,DEG20110691,P42336
TBL1XR1,DEG20110692,Q9BZK7
ACTL6A,DEG20110693,O96019
FXR1,DEG20110694,P51114
DCUN1D1,DEG20110695,Q96GG9
YEATS2,DEG20110696,Q9ULM3
ATP11B,DEG20110697,Q9Y2G3
EIF2B5,DEG20110698,Q13144
EPHB3,DEG20110699,P54753
DVL3,DEG20110700,Q92997
AP2M1,DEG20110701,Q96CW1
POLR2H,DEG20110702,P52434
EIF4G1,DEG20110703,Q04637
PSMD2,DEG20110704,Q13200
TRA2B,DEG20110705,P62995
IGF2BP2,DEG20110706,Q9Y6M1
EIF4A2,DEG20110707,Q14240
DNAJB11,DEG20110708,Q9UBS4
SENP2,DEG20110709,Q9HC62
ETV5,DEG20110710,P41161
MAP3K13,DEG20110711,O43283
TP63,DEG20110712,Q9H3D4
BCL6,DEG20110713,P41182
ACAP2,DEG20110714,Q15057
ATP13A3,DEG20110715,Q9H7F0
OPA1,DEG20110716,O60313
PAK2,DEG20110717,Q13177
UBXN7,DEG20110718,O94888
SENP5,DEG20110719,Q96HI0
RPL35A,DEG20110720,P18077
DLG1,DEG20110721,Q12959
CTBP1,DEG20110722,Q13363
GAK,DEG20110723,O14976
PCGF3,DEG20110724,Q3KNV8
WHSC1,DEG20110725,O96028
HTT,DEG20110726,P42858
FAM193A,DEG20110727,P78312
JAKMIP1,DEG20110728,Q96N16
TBC1D14,DEG20110729,Q9P2M4
KIAA0232,DEG20110730,Q92628
CRMP1,DEG20110731,Q14194
WDR1,DEG20110732,O75083
LDB2,DEG20110733,O43679
BOD1L1,DEG20110734,Q8NFC6
FBXL5,DEG20110735,Q9UKA1
CPEB2,DEG20110736,Q7Z5Q1
PPARGC1A,DEG20110737,Q9UBK2
KCNIP4,DEG20110738,Q6PIL6
DHX15,DEG20110739,O43143
SLIT2,DEG20110740,O94813
LCORL,DEG20110741,Q8N3X6
ADGRA3,DEG20110742,Q8IWK6
RBPJ,DEG20110743,Q06330
RBM47,DEG20110744,A0AV96
LIMCH1,DEG20110745,Q9UPQ0
PDS5A,DEG20110746,Q29RF7
UBE2K,DEG20110747,P61086
UCHL1,DEG20110748,P09936
RPL9,DEG20110749,P32969
GABRB1,DEG20110750,P18505
ATP8A1,DEG20110751,Q9Y2Q0
BEND4,DEG20110752,Q6ZU67
GABRA4,DEG20110753,P48169
GABRA2,DEG20110754,P47869
FRYL,DEG20110755,O94915
USP46,DEG20110756,P62068
CLOCK,DEG20110757,O15516
PPAT,DEG20110758,Q06203
TMEM165,DEG20110759,Q9HC07
KIT,DEG20110760,P10721
KDR,DEG20110761,P35968
PDGFRA,DEG20110762,P16234
YTHDC1,DEG20110763,Q96MU7
ADGRL3,DEG20110764,Q9HAR2
REST,DEG20110765,Q13127
POLR2B,DEG20110766,P30876
UBA6,DEG20110767,A0AVT1
SLC4A4,DEG20110768,Q9Y6R1
RUFY3,DEG20110769,Q7L099
ALB,DEG20110770,P02768
ANKRD17,DEG20110771,O75179
USO1,DEG20110772,O60763
NUP54,DEG20110773,Q7Z3B4
G3BP2,DEG20110774,Q9UN86
CNOT6L,DEG20110775,Q96LI5
COPS4,DEG20110776,Q9BT78
HNRNPDL,DEG20110777,O14979
LIN54,DEG20110778,Q6MZP7
WDFY3,DEG20110779,Q8IZQ1
HNRNPD,DEG20110780,Q14103
PKD2,DEG20110781,Q13563
BMPR1B,DEG20110782,O00238
GRID2,DEG20110783,O43424
SMARCAD1,DEG20110784,Q9H4L7
TSPAN5,DEG20110785,P62079
EIF4E,DEG20110786,P06730
DNAJB14,DEG20110787,Q8TBM8
PPP3CA,DEG20110788,Q08209
NFKB1,DEG20110789,P19838
LEF1,DEG20110790,Q9UJU2
SEC24B,DEG20110791,O95487
ANK2,DEG20110792,Q01484
ELOVL6,DEG20110793,Q9H5J4
CCNA2,DEG20110794,P20248
FAT4,DEG20110795,Q6V0I7
ANKRD50,DEG20110796,Q9ULJ7
ADAD1,DEG20110797,Q96M93
ELF2,DEG20110798,Q15723
RAB33B,DEG20110799,Q9H082
NAA15,DEG20110800,Q9BXJ9
JADE1,DEG20110801,Q6IE81
OTUD4,DEG20110802,Q01804
INPP4B,DEG20110803,O15327
HHIP,DEG20110804,Q96QV1
IL15,DEG20110805,P40933
SMARCA5,DEG20110806,O60264
ABCE1,DEG20110807,P61221
FBXW7,DEG20110808,Q969H0
DCLK2,DEG20110809,Q8N568
ZNF827,DEG20110810,Q17R98
NR3C2,DEG20110811,P08235
EDNRA,DEG20110812,P25101
PLRG1,DEG20110813,O43660
KIAA0922,DEG20110814,A2VDJ0
RAPGEF2,DEG20110815,Q9Y4G8
GRIA2,DEG20110816,P42262
NAF1,DEG20110817,Q96HR8
FNIP2,DEG20110818,Q9P278
PDGFC,DEG20110819,Q9NRA1
CPE,DEG20110820,P16870
KLHL2,DEG20110821,O95198
CLCN3,DEG20110822,P51790
HMGB2,DEG20110823,P26583
MFAP3L,DEG20110824,O75121
GPM6A,DEG20110825,P51674
CDKN2AIP,DEG20110826,Q9NXV6
TENM3,DEG20110827,Q9P273
STOX2,DEG20110828,Q9P2F5
TRIP13,DEG20110829,Q15645
SLC9A3,DEG20110830,P48764
PAPD7,DEG20110831,Q5XG87
NSUN2,DEG20110832,Q08J23
ICE1,DEG20110833,Q9Y2F5
ADCY2,DEG20110834,Q08462
SLC6A3,DEG20110835,Q01959
TRIO,DEG20110836,O75962
CTNND2,DEG20110837,Q9UQB3
CCT5,DEG20110838,P48643
MARCH6,DEG20110839,O60337
OTULIN,DEG20110840,Q96BN8
MTMR12,DEG20110841,Q9C0I1
CDH6,DEG20110842,P55285
PDZD2,DEG20110843,O15018
CDH9,DEG20110844,Q9ULB4
ZFR,DEG20110845,Q96KR1
DROSHA,DEG20110846,Q9NRR4
SKP2,DEG20110847,Q13309
PRLR,DEG20110848,P16471
NADK2,DEG20110849,Q4G0N4
BRIX1,DEG20110850,Q8TDN6
NUP155,DEG20110851,O75694
DAB2,DEG20110852,P98082
RICTOR,DEG20110853,Q6R327
NIPBL,DEG20110854,Q6KC79
NNT,DEG20110855,Q13423
ZNF131,DEG20110856,P52739
HMGCS1,DEG20110857,Q01581
PAIP1,DEG20110858,Q9H074
HCN1,DEG20110859,O60741
FST,DEG20110860,P19883
MIER3,DEG20110861,Q7Z3K6
PLK2,DEG20110862,Q9NYY3
GPBP1,DEG20110863,Q86WP2
IL6ST,DEG20110864,P40189
DDX4,DEG20110865,Q9NQI0
MAP3K1,DEG20110866,Q13233
KIF2A,DEG20110867,O00139
PDE4D,DEG20110868,Q08499
RGS7BP,DEG20110869,Q6MZT1
IPO11,DEG20110870,Q9UI26
HTR1A,DEG20110871,P08908
SGTB,DEG20110872,Q96EQ0
PIK3R1,DEG20110873,P27986
ADAMTS6,DEG20110874,Q9UKP5
SREK1,DEG20110875,Q8WXA9
ERBB2IP,DEG20110876,Q96RT1
MAP1B,DEG20110877,P46821
TNPO1,DEG20110878,Q92973
UTP15,DEG20110879,Q8TED0
FCHO2,DEG20110880,Q0JRZ9
BTF3,DEG20110881,P20290
COL4A3BP,DEG20110882,Q9Y5P4
HMGCR,DEG20110883,P04035
FAM169A,DEG20110884,Q9Y6X4
AP3B1,DEG20110885,O00203
CRHBP,DEG20110886,P24387
PDE8B,DEG20110887,O95263
SSBP2,DEG20110888,P81877
HOMER1,DEG20110889,Q86YM7
JMY,DEG20110890,Q8N9B5
RASGRF2,DEG20110891,O14827
VCAN,DEG20110892,P13611
ARRDC3,DEG20110893,Q96B67
RASA1,DEG20110894,P20936
ELL2,DEG20110895,O00472
LNPEP,DEG20110896,Q9UIQ6
FBXL17,DEG20110897,Q9UF56
FER,DEG20110898,P16591
CHD1,DEG20110899,O14646
APC,DEG20110900,P25054
YTHDC2,DEG20110901,Q9H6S0
SEMA6A,DEG20110902,Q9H2E6
DMXL1,DEG20110903,Q9Y485
KCNN2,DEG20110904,Q9H2S1
LOX,DEG20110905,P28300
ZNF608,DEG20110906,Q9ULD9
LMNB1,DEG20110907,P20700
SNX2,DEG20110908,O60749
CSNK1G3,DEG20110909,Q9Y6M4
MEGF10,DEG20110910,Q96KG7
SLC12A2,DEG20110911,P55011
FBN2,DEG20110912,P35556
PDLIM4,DEG20110913,P50479
CTC-432M15.3,DEG20110914,-
FNIP1,DEG20110915,Q8TF40
ADAMTS19,DEG20110916,Q8TE59
RAPGEF6,DEG20110917,Q8TEU7
HSPA4,DEG20110918,P34932
KIF3A,DEG20110919,Q9Y496
FSTL4,DEG20110920,Q6MZW2
AFF4,DEG20110921,Q9UHB7
SEPT8,DEG20110922,Q92599
JADE2,DEG20110923,Q9NQC1
DDX46,DEG20110924,Q7L014
PPP2CA,DEG20110925,P67775
VDAC1,DEG20110926,P21796
SMAD5,DEG20110927,Q99717
KLHL3,DEG20110928,Q9UH77
FAM13B,DEG20110929,Q9NYF5
HSPA9,DEG20110930,P38646
CDC23,DEG20110931,Q9UJX2
CTNNA1,DEG20110932,P35221
KDM3B,DEG20110933,Q7LBC6
MATR3,DEG20110934,P43243
ETF1,DEG20110935,P62495
LRRTM2,DEG20110936,O43300
UBE2D2,DEG20110937,P62837
NRG2,DEG20110938,O14511
ANKHD1-EIF4EBP3,DEG20110939,-
ANKHD1,DEG20110940,Q8IWZ3
ZMAT2,DEG20110941,Q96NC0
PCDHAC2,DEG20110942,Q9Y5I4
PCDHGC4,DEG20110943,Q9Y5F7
HDAC3,DEG20110944,O15379
KCTD16,DEG20110945,Q68DU8
ARHGAP26,DEG20110946,Q9UNA1
ARAP3,DEG20110947,Q8WWN8
YIPF5,DEG20110948,Q969M3
NDFIP1,DEG20110949,Q9BT67
RBM27,DEG20110950,Q9P2N5
TCERG1,DEG20110951,O14776
DPYSL3,DEG20110952,Q14195
JAKMIP2,DEG20110953,Q96AA8
FBXO38,DEG20110954,Q6PIJ6
PPP2R2B,DEG20110955,Q00005
CAMK2A,DEG20110956,Q9UQM7
CSNK1A1,DEG20110957,P48729
CSF1R,DEG20110958,P07333
PPARGC1B,DEG20110959,Q86YN6
PDGFRB,DEG20110960,P09619
SYNPO,DEG20110961,Q8N3V7
NDST1,DEG20110962,P52848
TNIP1,DEG20110963,Q15025
RBM22,DEG20110964,Q9NW64
DCTN4,DEG20110965,Q9UJW0
G3BP1,DEG20110966,Q13283
LARP1,DEG20110967,Q6PKG0
GRIA1,DEG20110968,P42261
CYFIP2,DEG20110969,Q96F07
SOX30,DEG20110970,O94993
EBF1,DEG20110971,Q9UH73
TENM2,DEG20110972,Q9NT68
GABRA1,DEG20110973,P14867
GABRG2,DEG20110974,P18507
PWWP2A,DEG20110975,Q96N64
GABRB2,DEG20110976,P47870
DOCK2,DEG20110977,Q92608
LCP2,DEG20110978,Q13094
NPM1,DEG20110979,P06748
SLIT3,DEG20110980,O75094
FBXW11,DEG20110981,Q9UKB1
CPEB4,DEG20110982,Q17RY0
CREBRF,DEG20110983,Q8IUR6
UNC5A,DEG20110984,Q6ZN44
FAF2,DEG20110985,Q96CS3
PDLIM7,DEG20110986,Q9NR12
FAM193B,DEG20110987,Q96PV7
DBN1,DEG20110988,Q16643
NSD1,DEG20110989,Q96L73
ADAMTS2,DEG20110990,O95450
HNRNPAB,DEG20110991,Q99729
FLT4,DEG20110992,P35916
MAML1,DEG20110993,Q92585
HNRNPH1,DEG20110994,P31943
TRIM41,DEG20110995,Q8WV44
GNB2L1,DEG20110996,P63244
GMDS,DEG20110997,O60547
IRF4,DEG20110998,Q15306
RREB1,DEG20110999,Q92766
PRPF4B,DEG20111000,Q13523
CDYL,DEG20111001,Q9Y232
DSP,DEG20111002,P15924
TFAP2A,DEG20111003,P05549
RANBP9,DEG20111004,Q96S59
HIVEP1,DEG20111005,P15822
JARID2,DEG20111006,Q92833
KIF13A,DEG20111007,Q9H1H9
NUP153,DEG20111008,P49790
FAM65B,DEG20111009,Q9Y4F9
C6orf62,DEG20111010,Q9GZU0
GABBR1,DEG20111011,Q9UBS5
TRIM39,DEG20111012,Q9HCM9
PPP1R10,DEG20111013,Q96QC0
GNL1,DEG20111014,P36915
DDX39B,DEG20111015,Q13838
BAG6,DEG20111016,P46379
CSNK2B,DEG20111017,P67870
ABHD16A,DEG20111018,O95870
PRRC2A,DEG20111019,P48634
AGPAT1,DEG20111020,Q99943
BRD2,DEG20111021,P25440
COL11A2,DEG20111022,P13942
RXRB,DEG20111023,P28702
RING1,DEG20111024,Q06587
RPS18,DEG20111025,P62269
SYNGAP1,DEG20111026,Q96PV0
PHF1,DEG20111027,O43189
GRM4,DEG20111028,Q14833
SCUBE3,DEG20111029,Q8IX30
PPARD,DEG20111030,Q03181
PACSIN1,DEG20111031,Q9BY11
DEF6,DEG20111032,Q9H4E7
RPS10,DEG20111033,P46783
BRPF3,DEG20111034,Q9ULD4
MAPK14,DEG20111035,Q16539
SRSF3,DEG20111036,P84103
MTCH1,DEG20111037,Q9NZJ7
ZFAND3,DEG20111038,Q9H8U3
MDGA1,DEG20111039,Q8NFP4
RNF8,DEG20111040,O76064
CMTR1,DEG20111041,Q8N1G2
DAAM2,DEG20111042,Q86T65
CCND3,DEG20111043,P30281
TFEB,DEG20111044,P19484
TRERF1,DEG20111045,Q96PN7
USP49,DEG20111046,Q70CQ1
UBR2,DEG20111047,Q8IWV8
GLTSCR1L,DEG20111048,Q6AI39
PPP2R5D,DEG20111049,Q14738
PTK7,DEG20111050,Q13308
KLHDC3,DEG20111051,Q9BQ90
SRF,DEG20111052,P11831
TTBK1,DEG20111053,Q5TCY1
CUL9,DEG20111054,Q8IWT3
SLC29A1,DEG20111055,Q99808
XPO5,DEG20111056,Q9HAV4
HSP90AB1,DEG20111057,P08238
TMEM63B,DEG20111058,Q5T3F8
ADGRF5,DEG20111059,Q8IZF2
RUNX2,DEG20111060,Q13950
CDC5L,DEG20111061,Q99459
OPN5,DEG20111062,Q6U736
TFAP2D,DEG20111063,Q7Z6R9
ELOVL5,DEG20111064,Q9NYP7
TFAP2B,DEG20111065,Q92481
GCM1,DEG20111066,Q9NP62
TRAM2,DEG20111067,Q15035
DST,DEG20111068,Q03001
KCNQ5,DEG20111069,Q9NR82
SMAP1,DEG20111070,Q8IYB5
PHF3,DEG20111071,Q92576
ADGRB3,DEG20111072,O60242
SENP6,DEG20111073,Q9GZR1
COL12A1,DEG20111074,Q99715
PHIP,DEG20111075,Q8WWQ0
EEF1A1,DEG20111076,P68104
IBTK,DEG20111077,Q9P2D0
SNAP91,DEG20111078,O60641
DOPEY1,DEG20111079,Q5JWR5
TBX18,DEG20111080,O95935
AKIRIN2,DEG20111081,Q53H80
SYNCRIP,DEG20111082,O60506
ZNF292,DEG20111083,O60281
MAP3K7,DEG20111084,O43318
EPHA7,DEG20111085,Q15375
MDN1,DEG20111086,Q9NU22
SIM1,DEG20111087,P81133
CCNC,DEG20111088,P24863
ATG5,DEG20111089,Q9H1Y0
GRIK2,DEG20111090,Q13002
PNISR,DEG20111091,Q8TF01
PRDM1,DEG20111092,O75626
PREP,DEG20111093,P48147
NR2E1,DEG20111094,Q9Y466
WASF1,DEG20111095,Q92558
REV3L,DEG20111096,O60673
CDK19,DEG20111097,Q9BWU1
CDC40,DEG20111098,O60508
FYN,DEG20111099,P06241
AMD1,DEG20111100,P17707
HDAC2,DEG20111101,Q92769
HSF2,DEG20111102,Q03933
NCOA7,DEG20111103,Q8NI08
EPB41L2,DEG20111104,O43491
PTPRK,DEG20111105,Q15262
L3MBTL3,DEG20111106,Q96JM7
SGK1,DEG20111107,O00141
PDE7B,DEG20111108,Q9NP56
HBS1L,DEG20111109,Q9Y450
ARFGEF3,DEG20111110,Q5TH69
MAP3K5,DEG20111111,Q99683
REPS1,DEG20111112,Q96D71
MAP7,DEG20111113,Q14244
TNFAIP3,DEG20111114,P21580
HIVEP2,DEG20111115,P31629
GRM1,DEG20111116,Q13255
TAB2,DEG20111117,Q9NYJ8
STXBP5,DEG20111118,Q5T5C0
LATS1,DEG20111119,O95835
FBXO30,DEG20111120,Q8TB52
UST,DEG20111121,Q9Y2C2
ESR1,DEG20111122,P03372
ZBTB2,DEG20111123,Q8N680
FBXO5,DEG20111124,Q9UKT4
SCAF8,DEG20111125,Q9UPN6
ZDHHC14,DEG20111126,Q8IZN3
ARID1B,DEG20111127,Q8NFD5
TULP4,DEG20111128,Q9NRJ4
IGF2R,DEG20111129,P11717
TAGAP,DEG20111130,Q8N103
TCP1,DEG20111131,P17987
EZR,DEG20111132,P15311
WTAP,DEG20111133,Q15007
PDE10A,DEG20111134,Q9Y233
QKI,DEG20111135,Q96PU8
MAP3K4,DEG20111136,Q9Y6R4
DLL1,DEG20111137,O00548
MLLT4,DEG20111138,P55196
GET4,DEG20111139,Q7L5D6
CARD11,DEG20111140,Q9BXL7
FOXK1,DEG20111141,P85037
GNA12,DEG20111142,Q03113
EIF3B,DEG20111143,P55884
TTYH3,DEG20111144,Q9C0H2
CCZ1,DEG20111145,P86791
USP42,DEG20111146,Q9H9J4
ACTB,DEG20111147,P60709
TNRC18,DEG20111148,O15417
ETV1,DEG20111149,P50549
THSD7A,DEG20111150,Q9UPZ6
BZW2,DEG20111151,Q9Y6E2
SNX13,DEG20111152,Q9Y5W8
SP4,DEG20111153,Q02446
HDAC9,DEG20111154,Q9UKV0
AHR,DEG20111155,P35869
ITGB8,DEG20111156,P26012
RAPGEF5,DEG20111157,Q92565
MPP6,DEG20111158,Q9NZW5
HNRNPA2B1,DEG20111159,P22626
IGF2BP3,DEG20111160,O00425
HOXA3,DEG20111161,O43365
SKAP2,DEG20111162,O75563
JAZF1,DEG20111163,Q86VZ6
CREB5,DEG20111164,Q02930
HERPUD2,DEG20111165,Q9BSE4
ANLN,DEG20111166,Q9NQW6
KBTBD2,DEG20111167,Q8IY47
SEPT7,DEG20111168,Q16181
RALA,DEG20111169,P11233
PSMA2,DEG20111170,P25787
ELMO1,DEG20111171,Q92556
GLI3,DEG20111172,P10071
HECW1,DEG20111173,Q76N89
OGDH,DEG20111174,Q02218
ZMIZ2,DEG20111175,Q8NF64
ADCY1,DEG20111176,Q08828
TNS3,DEG20111177,Q68CZ2
COBL,DEG20111178,O75128
IKZF1,DEG20111179,Q13422
EGFR,DEG20111180,P00533
CCT6A,DEG20111181,P40227
AUTS2,DEG20111182,Q8WXX7
STX1A,DEG20111183,Q16623
BAZ1B,DEG20111184,Q9UIG0
LIMK1,DEG20111185,P53667
NCF1,DEG20111186,P14598
HIP1,DEG20111187,O00291
EIF4H,DEG20111188,Q15056
GTF2IRD1,DEG20111189,Q9UHL9
GTF2I,DEG20111190,P78347
CLIP2,DEG20111191,Q9UDT6
PTPN12,DEG20111192,Q05209
YWHAG,DEG20111193,P61981
SRRM3,DEG20111194,A6NNA2
GNAI1,DEG20111195,P63096
DBF4,DEG20111196,Q9UBU7
SEMA3A,DEG20111197,Q14563
GRM3,DEG20111198,Q14832
DMTF1,DEG20111199,Q9Y222
HGF,DEG20111200,P14210
CACNA2D1,DEG20111201,P54289
PCLO,DEG20111202,Q9Y6V0
ADAM22,DEG20111203,Q9P0K1
ANKIB1,DEG20111204,Q9P2G1
CDK6,DEG20111205,Q00534
VPS50,DEG20111206,Q96JG6
COL1A2,DEG20111207,P08123
LMTK2,DEG20111208,Q8IWU2
TRRAP,DEG20111209,Q9Y4A5
SMURF1,DEG20111210,Q9HCE7
GIGYF1,DEG20111211,O75420
MEPCE,DEG20111212,Q7L2J0
NYAP1,DEG20111213,Q6ZVC0
GNB2,DEG20111214,P62879
ACTL6B,DEG20111215,O94805
SRRT,DEG20111216,Q9BXP5
EPHB4,DEG20111217,P54760
ACHE,DEG20111218,P22303
CUX1,DEG20111219,P39880
NAMPT,DEG20111220,P43490
SRPK2,DEG20111221,P78362
PSMC2,DEG20111222,P35998
RELN,DEG20111223,P78509
DNAJC2,DEG20111224,Q99543
KMT2E,DEG20111225,Q8IZD2
PRKAR2B,DEG20111226,P31323
CBLL1,DEG20111227,Q75N03
DOCK4,DEG20111228,Q8N1I0
C7orf60,DEG20111229,Q1RMZ1
MET,DEG20111230,P08581
CAPZA2,DEG20111231,P47755
FOXP2,DEG20111232,O15409
ST7,DEG20111233,Q9NRC1
ING3,DEG20111234,Q9NXR8
PTPRZ1,DEG20111235,P23471
KCND2,DEG20111236,Q9NZV8
CADPS2,DEG20111237,Q86UW7
WASL,DEG20111238,O00401
ZNF800,DEG20111239,Q2TB10
SND1,DEG20111240,Q7KZF4
FLNC,DEG20111241,Q14315
KLHDC10,DEG20111242,Q6PID8
UBE2H,DEG20111243,P62256
AHCYL2,DEG20111244,Q96HN2
NRF1,DEG20111245,Q16656
MEST,DEG20111246,Q5EB52
MKLN1,DEG20111247,Q9UL63
PLXNA4,DEG20111248,Q9HCM2
CALD1,DEG20111249,Q05682
SLC13A4,DEG20111250,Q9UKG4
CNOT4,DEG20111251,O95628
NUP205,DEG20111252,Q92621
TRIM24,DEG20111253,O15164
KDM7A,DEG20111254,Q6ZMT4
C7orf55-LUC7L2,DEG20111255,-
HIPK2,DEG20111256,Q9H2X6
KIAA1549,DEG20111257,Q9HCM3
UBN2,DEG20111258,Q6ZU65
DENND2A,DEG20111259,Q9ULE3
BRAF,DEG20111260,P15056
MKRN1,DEG20111261,Q9UHC7
FAM131B,DEG20111262,Q86XD5
ZNF777,DEG20111263,Q9ULD5
EZH2,DEG20111264,Q15910
ZNF398,DEG20111265,Q8TD17
CUL1,DEG20111266,Q13616
REPIN1,DEG20111267,Q9BWE0
KCNH2,DEG20111268,Q12809
CDK5,DEG20111269,Q00535
ABCF2,DEG20111270,Q9UG63
SLC4A2,DEG20111271,P04920
AGAP3,DEG20111272,Q96P47
RHEB,DEG20111273,Q15382
PRKAG2,DEG20111274,Q9UGJ0
KMT2C,DEG20111275,Q8NEZ4
ACTR3B,DEG20111276,Q9P1U1
DPP6,DEG20111277,P42658
RBM33,DEG20111278,Q96EV2
PAXIP1,DEG20111279,Q6ZW49
SHH,DEG20111280,Q15465
NCAPG2,DEG20111281,Q86XI2
DNAJB6,DEG20111282,O75190
UBE3C,DEG20111283,Q15386
DLGAP2,DEG20111284,Q9P1A6
XKR6,DEG20111285,Q5GH73
DLC1,DEG20111286,Q96QB1
LONRF1,DEG20111287,Q17RB8
CNOT7,DEG20111288,Q9UIV1
DMTN,DEG20111289,Q08495
ATP6V1B2,DEG20111290,P21281
XPO7,DEG20111291,Q9UIA9
INTS10,DEG20111292,Q9NVR2
CHMP7,DEG20111293,Q8WUX9
CCAR2,DEG20111294,Q8N163
DPYSL2,DEG20111295,Q16555
EBF2,DEG20111296,Q9HAK2
PPP2R2A,DEG20111297,P63151
HMBOX1,DEG20111298,Q6NT76
PTK2B,DEG20111299,Q14289
NRG1,DEG20111300,Q02297
MAK16,DEG20111301,Q9BXY0
PURG,DEG20111302,Q9UJV8
LSM1,DEG20111303,O15116
ASH2L,DEG20111304,Q9UBL3
WHSC1L1,DEG20111305,Q9BZ95
FGFR1,DEG20111306,P11362
ANK1,DEG20111307,P16157
IKBKB,DEG20111308,O14920
FNTA,DEG20111309,P49354
PRKDC,DEG20111310,P78527
VDAC3,DEG20111311,Q9Y277
KAT6A,DEG20111312,Q92794
HOOK3,DEG20111313,Q86VS8
ST18,DEG20111314,O60284
RB1CC1,DEG20111315,Q8TDY2
XKR4,DEG20111316,Q5GH76
LYN,DEG20111317,P07948
CHD7,DEG20111318,Q9P2D1
YTHDF3,DEG20111319,Q7Z739
RAB2A,DEG20111320,P61019
PRDM14,DEG20111321,Q9GZV8
MYBL1,DEG20111322,P10243
ARFGEF1,DEG20111323,Q9Y6D6
VCPIP1,DEG20111324,Q96JH7
NCOA2,DEG20111325,Q15596
COPS5,DEG20111326,Q92905
KCNB2,DEG20111327,Q92953
STAU2,DEG20111328,Q9NUL3
RDH10,DEG20111329,Q8IZV5
UBE2W,DEG20111330,Q96B02
RPL7,DEG20111331,P18124
EYA1,DEG20111332,Q99502
HEY1,DEG20111333,Q9Y5J3
ZFHX4,DEG20111334,Q86UP3
ZNF704,DEG20111335,Q6ZNC4
STMN2,DEG20111336,Q93045
MMP16,DEG20111337,P51512
OSGIN2,DEG20111338,Q9Y236
WWP1,DEG20111339,Q9H0M0
INTS8,DEG20111340,Q75QN2
RUNX1T1,DEG20111341,Q06455
KIAA1429,DEG20111342,Q69YN4
ESRP1,DEG20111343,Q6NXG1
GDF6,DEG20111344,Q6KF10
GRHL2,DEG20111345,Q6ISB3
PABPC1,DEG20111346,P11940
UBR5,DEG20111347,O95071
ANKRD46,DEG20111348,Q86W74
ZFPM2,DEG20111349,Q8WW38
ANGPT1,DEG20111350,Q15389
LRP12,DEG20111351,Q9Y561
AZIN1,DEG20111352,O14977
RIMS2,DEG20111353,Q9UQ26
RAD21,DEG20111354,O60216
CSMD3,DEG20111355,Q7Z407
TRPS1,DEG20111356,Q9UHF7
EXT1,DEG20111357,Q16394
HAS2,DEG20111358,Q92819
SQLE,DEG20111359,Q14534
ATAD2,DEG20111360,Q6PL18
MTSS1,DEG20111361,O43312
FBXO32,DEG20111362,Q969P5
TRMT12,DEG20111363,Q53H54
FAM49B,DEG20111364,Q9NUQ9
ASAP1,DEG20111365,Q9ULH1
KCNQ3,DEG20111366,O43525
PHF20L1,DEG20111367,A8MW92
FAM135B,DEG20111368,Q49AJ0
ARC,DEG20111369,Q7LC44
ADGRB1,DEG20111370,O14514
PTK2,DEG20111371,Q05397
AGO2,DEG20111372,Q9UKV8
ZC3H3,DEG20111373,Q8IXZ2
SCRIB,DEG20111374,Q14160
CYC1,DEG20111375,P08574
ADCK5,DEG20111376,Q3MIX3
RPL8,DEG20111377,P62917
CDC37L1,DEG20111378,Q7L3B6
SMARCA2,DEG20111379,P51531
RFX3,DEG20111380,P48380
RCL1,DEG20111381,Q9Y2P8
UHRF2,DEG20111382,Q96PU4
JAK2,DEG20111383,O60674
PTPRD,DEG20111384,P23468
PSIP1,DEG20111385,O75475
BNC2,DEG20111386,Q6ZN30
NFIB,DEG20111387,O00712
SH3GL2,DEG20111388,Q99962
MLLT3,DEG20111389,P42568
KLHL9,DEG20111390,Q9P2J3
TEK,DEG20111391,Q02763
ELAVL2,DEG20111392,Q12926
SMU1,DEG20111393,Q2TAY7
NOL6,DEG20111394,Q9H6R4
TOPORS,DEG20111395,Q9NS56
UBE2R2,DEG20111396,Q712K3
UBAP1,DEG20111397,Q9NZ09
CNTFR,DEG20111398,P26992
UBAP2,DEG20111399,Q5T6F2
RUSC2,DEG20111400,Q8N2Y8
TESK1,DEG20111401,Q15569
VCP,DEG20111402,P55072
CD72,DEG20111403,P21854
TLN1,DEG20111404,Q9Y490
NPR2,DEG20111405,P20594
PAX5,DEG20111406,Q02548
DCAF10,DEG20111407,Q5QP82
RNF38,DEG20111408,Q9H0F5
CLTA,DEG20111409,P09496
PGM5,DEG20111410,Q15124
RORB,DEG20111411,Q92753
ALDH1A1,DEG20111412,P00352
GDA,DEG20111413,Q9Y2T3
ZFAND5,DEG20111414,O76080
ABHD17B,DEG20111415,Q5VST6
SMC5,DEG20111416,Q8IY18
TLE4,DEG20111417,Q04727
TLE1,DEG20111418,Q04724
GNAQ,DEG20111419,P50148
NAA35,DEG20111420,Q5VZE5
UBQLN1,DEG20111421,Q9UMX0
NTRK2,DEG20111422,Q16620
ZCCHC6,DEG20111423,Q5VYS8
DAPK1,DEG20111424,P53355
HNRNPK,DEG20111425,P61978
SEMA4D,DEG20111426,Q92854
NFIL3,DEG20111427,Q16649
SYK,DEG20111428,P43405
SPIN1,DEG20111429,Q9Y657
PHF2,DEG20111430,O75151
IPPK,DEG20111431,Q9H8X2
FAM120A,DEG20111432,Q9NZB2
PTCH1,DEG20111433,Q13635
GABBR2,DEG20111434,O75899
NCBP1,DEG20111435,Q09161
ANP32B,DEG20111436,Q92688
TGFBR1,DEG20111437,P36897
ERP44,DEG20111438,Q9BS26
TEX10,DEG20111439,Q9NXF1
SMC2,DEG20111440,O95347
KLF4,DEG20111441,O43474
ZNF462,DEG20111442,Q96JM2
SLC44A1,DEG20111443,Q8WWI5
RAD23B,DEG20111444,P54727
KIAA0368,DEG20111445,Q5VYK3
EPB41L4B,DEG20111446,Q9H329
UGCG,DEG20111447,Q16739
PRPF4,DEG20111448,O43172
SNX30,DEG20111449,Q5VWJ9
PTBP3,DEG20111450,O95758
ZNF618,DEG20111451,Q5T7W0
COL27A1,DEG20111452,Q8IZC6
PAPPA,DEG20111453,Q13219
RAB14,DEG20111454,P61106
MEGF9,DEG20111455,Q9H1U4
PHF19,DEG20111456,Q5T6S3
DAB2IP,DEG20111457,Q5VWQ8
ASTN2,DEG20111458,O75129
FBXW2,DEG20111459,Q9UKT8
BRINP1,DEG20111460,O60477
LHX6,DEG20111461,Q9UPM6
RC3H2,DEG20111462,Q9HBD1
RABGAP1,DEG20111463,Q9Y3P9
LHX2,DEG20111464,P50458
DENND1A,DEG20111465,Q8TEH3
STRBP,DEG20111466,Q96SI9
PSMB7,DEG20111467,Q99436
SCAI,DEG20111468,Q8N9R8
NR6A1,DEG20111469,Q15406
PPP6C,DEG20111470,O00743
NR5A1,DEG20111471,Q13285
RALGPS1,DEG20111472,Q5JS13
MAPKAP1,DEG20111473,Q9BPZ7
STXBP1,DEG20111474,P61764
GAPVD1,DEG20111475,Q14C86
CIZ1,DEG20111476,Q9ULV3
ENG,DEG20111477,P17813
DNM1,DEG20111478,Q05193
SLC25A25,DEG20111479,Q6KCM7
SPTAN1,DEG20111480,Q13813
ZER1,DEG20111481,Q7Z7L7
SET,DEG20111482,Q01105
GOLGA2,DEG20111483,Q08379
NUP188,DEG20111484,Q5SRE5
PPP2R4,DEG20111485,Q15257
LRRC8A,DEG20111486,Q8IWT6
NCS1,DEG20111487,P62166
ABL1,DEG20111488,P00519
PRRC2B,DEG20111489,Q5JSZ5
RAPGEF1,DEG20111490,Q13905
NUP214,DEG20111491,P35658
TSC1,DEG20111492,Q92574
RPL7A,DEG20111493,P62424
COL5A1,DEG20111494,P20908
WDR5,DEG20111495,P61964
RXRA,DEG20111496,P19793
PPP1R26,DEG20111497,Q5T8A7
OLFM1,DEG20111498,Q99784
NOTCH1,DEG20111499,P46531
RABL6,DEG20111500,Q3YEC7
ABCA2,DEG20111501,Q9BZC7
TRAF2,DEG20111502,Q12933
FUT7,DEG20111503,Q11130
EDF1,DEG20111504,O60869
GRIN1,DEG20111505,Q05586
ANAPC2,DEG20111506,Q9UJX6
TUBB4B,DEG20111507,P68371
CACNA1B,DEG20111508,Q00975
EHMT1,DEG20111509,Q9H9B1
WDR37,DEG20111510,Q9Y2I8
GTPBP4,DEG20111511,Q9BZE4
DIP2C,DEG20111512,Q9Y2E4
LARP4B,DEG20111513,Q92615
ZMYND11,DEG20111514,Q15326
KLF6,DEG20111515,Q99612
FAM208B,DEG20111516,Q5VWN6
RBM17,DEG20111517,Q96I25
TAF3,DEG20111518,Q5VWG9
PRKCQ,DEG20111519,Q04759
SFMBT2,DEG20111520,Q5VUG0
GDI2,DEG20111521,P50395
SEPHS1,DEG20111522,P49903
CAMK1D,DEG20111523,Q8IU85
UPF2,DEG20111524,Q9HAU5
CELF2,DEG20111525,O95319
SEC61A2,DEG20111526,Q9H9S3
HSPA14,DEG20111527,Q0VDF9
FAM171A1,DEG20111528,Q5VUB5
SUV39H2,DEG20111529,Q9H5I1
FRMD4A,DEG20111530,Q9P2Q2
VIM,DEG20111531,P08670
MLLT10,DEG20111532,P55197
STAM,DEG20111533,Q92783
MRC1,DEG20111534,P22897
ARHGAP21,DEG20111535,Q5T5U3
SVIL,DEG20111536,O95425
MTPAP,DEG20111537,Q9NVV4
WAC,DEG20111538,Q9BTA9
RAB18,DEG20111539,Q9NP72
YME1L1,DEG20111540,Q96TA2
PARD3,DEG20111541,Q8TEW0
ZEB1,DEG20111542,P37275
EPC1,DEG20111543,Q9H2F5
CUL2,DEG20111544,Q13617
ITGB1,DEG20111545,P05556
NRP1,DEG20111546,O14786
RET,DEG20111547,P07949
RASGEF1A,DEG20111548,Q8N9B8
BMS1,DEG20111549,Q14692
MAPK8,DEG20111550,P45983
PRKG1,DEG20111551,Q13976
CDK1,DEG20111552,P06493
ANK3,DEG20111553,Q12955
UBE2D1,DEG20111554,P51668
CCDC6,DEG20111555,Q16204
HERC4,DEG20111556,Q5GLZ8
JMJD1C,DEG20111557,Q15652
SIRT1,DEG20111558,Q96EB6
ARID5B,DEG20111559,Q14865
HNRNPH3,DEG20111560,P31942
DDX21,DEG20111561,Q9NR30
TET1,DEG20111562,Q8NFU7
H2AFY2,DEG20111563,Q9P0M6
CCAR1,DEG20111564,Q8IX12
PSAP,DEG20111565,P07602
NODAL,DEG20111566,Q96S42
PPP3CB,DEG20111567,P16298
MCU,DEG20111568,Q8NE86
KAT6B,DEG20111569,Q8WYB5
VCL,DEG20111570,P18206
SEC24C,DEG20111571,P53992
ZSWIM8,DEG20111572,A7E2V4
CAMK2G,DEG20111573,Q13555
ZMIZ1,DEG20111574,Q9ULJ6
DLG5,DEG20111575,Q8TDM6
KCNMA1,DEG20111576,Q12791
GRID1,DEG20111577,Q9ULK0
WAPL,DEG20111578,Q7Z5K2
PTEN,DEG20111579,P60484
HECTD2,DEG20111580,Q5U5R9
PCGF5,DEG20111581,Q86SE9
SLC35G1,DEG20111582,Q2M3R5
CPEB3,DEG20111583,Q8NE35
BTAF1,DEG20111584,O14981
LGI1,DEG20111585,O95970
KIF11,DEG20111586,P52732
CCNJ,DEG20111587,Q5T5M9
BLNK,DEG20111588,Q8WV28
HELLS,DEG20111589,Q9NRZ9
LCOR,DEG20111590,Q96JN0
C10orf12,DEG20111591,Q8N655
PI4K2A,DEG20111592,Q9BTU6
PIK3AP1,DEG20111593,Q6ZUJ8
TM9SF3,DEG20111594,Q9HD45
SLIT1,DEG20111595,O75093
CNNM1,DEG20111596,Q9NRU3
C10orf2,DEG20111597,Q96RR1
CHUK,DEG20111598,O15111
ERLIN1,DEG20111599,O75477
PPRC1,DEG20111600,Q5VV67
FGF8,DEG20111601,P55075
TRIM8,DEG20111602,Q9BZR9
SUFU,DEG20111603,Q9UMX1
ACTR1A,DEG20111604,P61163
NFKB2,DEG20111605,Q00653
CNNM2,DEG20111606,Q9H8M5
PSD,DEG20111607,A5PKW4
WBP1L,DEG20111608,Q9NX94
XPNPEP1,DEG20111609,Q9NQW7
TAF5,DEG20111610,Q15542
SORCS1,DEG20111611,Q8WY21
TCF7L2,DEG20111612,Q9NQB0
ADD3,DEG20111613,Q9UEY8
SMC3,DEG20111614,Q9UQE7
SHOC2,DEG20111615,Q9UQ13
TDRD1,DEG20111616,Q9BXT4
FAM160B1,DEG20111617,Q5W0V3
ABLIM1,DEG20111618,O14639
ATRNL1,DEG20111619,Q5VV63
EMX2,DEG20111620,Q04743
RAB11FIP2,DEG20111621,Q7L804
TIAL1,DEG20111622,Q01085
EIF3A,DEG20111623,Q14152
PDZD8,DEG20111624,Q8NEN9
SLC18A2,DEG20111625,Q05940
GRK5,DEG20111626,P34947
HSPA12A,DEG20111627,O43301
MCMBP,DEG20111628,Q9BTE3
FGFR2,DEG20111629,P21802
ZRANB1,DEG20111630,Q9UGI0
EBF3,DEG20111631,Q9H4W6
INPP5A,DEG20111632,Q14642
PSMD13,DEG20111633,Q9UNM6
PHRF1,DEG20111634,Q9P1Y6
MUC5B,DEG20111635,Q9HC84
AP2A2,DEG20111636,O94973
CD81,DEG20111637,P60033
NUP98,DEG20111638,P52948
STIM1,DEG20111639,Q13586
NAP1L4,DEG20111640,Q99733
RRM1,DEG20111641,P23921
ARFIP2,DEG20111642,P53365
TRIM3,DEG20111643,O75382
FAM160A2,DEG20111644,Q8N612
APBB1,DEG20111645,O00213
DCHS1,DEG20111646,Q96JQ0
ST5,DEG20111647,P78524
TMEM9B,DEG20111648,Q9NQ34
DENND5A,DEG20111649,Q6IQ26
USP47,DEG20111650,Q96K76
CTR9,DEG20111651,Q6PD62
IPO7,DEG20111652,O95373
WEE1,DEG20111653,P30291
PSMA1,DEG20111654,P25786
COPB1,DEG20111655,P53618
ARNTL,DEG20111656,O00327
SOX6,DEG20111657,P35712
RPS13,DEG20111658,P62277
GTF2H1,DEG20111659,P32780
E2F8,DEG20111660,A0AVK6
TSG101,DEG20111661,Q99816
SPTY2D1,DEG20111662,Q68D10
NAV2,DEG20111663,Q8IVL1
KCNA4,DEG20111664,P22459
LGR4,DEG20111665,Q9BXB1
BDNF,DEG20111666,P23560
PAX6,DEG20111667,P26367
QSER1,DEG20111668,Q2KHR3
CSTF3,DEG20111669,Q12996
FBXO3,DEG20111670,Q9UK99
MPPED2,DEG20111671,Q15777
EIF3M,DEG20111672,Q7L2H7
CAPRIN1,DEG20111673,Q14444
TRAF6,DEG20111674,Q9Y4K3
SLC1A2,DEG20111675,P43004
EHF,DEG20111676,Q9NZC4
LRRC4C,DEG20111677,Q9HCJ2
PRDM11,DEG20111678,Q9NQV5
API5,DEG20111679,Q9BZZ5
TTC17,DEG20111680,Q96AE7
MAPK8IP1,DEG20111681,Q9UQF2
DGKZ,DEG20111682,Q13574
CHRM4,DEG20111683,P08173
CRY2,DEG20111684,Q49AN0
PHF21A,DEG20111685,Q96BD5
F2,DEG20111686,P00734
AMBRA1,DEG20111687,Q9C0C7
CKAP5,DEG20111688,Q14008
ATG13,DEG20111689,O75143
CELF1,DEG20111690,Q92879
PSMC3,DEG20111691,P17980
FNBP4,DEG20111692,Q8N3X1
CLP1,DEG20111693,Q92989
SSRP1,DEG20111694,Q08945
SERPING1,DEG20111695,P05155
ZDHHC5,DEG20111696,Q9C0B5
RTN4RL2,DEG20111697,Q86UN3
ZFP91,DEG20111698,Q96JP5
CTNND1,DEG20111699,O60716
OSBP,DEG20111700,P22059
PATL1,DEG20111701,Q86TB9
DDB1,DEG20111702,Q16531
PRPF19,DEG20111703,Q9UMS4
CPSF7,DEG20111704,Q8N684
MYRF,DEG20111705,Q9Y2G1
SYT7,DEG20111706,O43581
FADS2,DEG20111707,O95864
DAGLA,DEG20111708,Q9Y4D2
FTH1,DEG20111709,P02794
INCENP,DEG20111710,Q9NQS7
HNRNPUL2,DEG20111711,Q1KMD3
GANAB,DEG20111712,Q14697
MTA2,DEG20111713,O94776
EEF1G,DEG20111714,P26641
INTS5,DEG20111715,Q6P9B9
SLC3A2,DEG20111716,P08195
NXF1,DEG20111717,Q9UBU9
CHRM1,DEG20111718,P11229
STIP1,DEG20111719,P31948
OTUB1,DEG20111720,Q96FW1
MARK2,DEG20111721,Q7KZI7
NRXN2,DEG20111722,P58401
PLCB3,DEG20111723,Q01970
RASGRP2,DEG20111724,Q7LDG7
RPS6KA4,DEG20111725,O75676
MEN1,DEG20111726,O00255
SF1,DEG20111727,Q15637
PPP2R5B,DEG20111728,Q15173
ATG2A,DEG20111729,Q2TAZ0
SYVN1,DEG20111730,Q86TM6
DPF2,DEG20111731,Q92785
LTBP3,DEG20111732,Q9NS15
RELA,DEG20111733,Q04206
SF3B2,DEG20111734,Q13435
SART1,DEG20111735,O43290
PACS1,DEG20111736,Q6VY07
KLC2,DEG20111737,Q9H0B6
LRFN4,DEG20111738,Q6PJG9
ANKRD13D,DEG20111739,Q6ZTN6
RBM4,DEG20111740,Q9BWF3
RBM14,DEG20111741,Q96PK6
KDM2A,DEG20111742,Q9Y2K7
RBM14-RBM4,DEG20111743,-
SPTBN2,DEG20111744,O15020
ADRBK1,DEG20111745,P25098
PPP1CA,DEG20111746,P62136
LRP5,DEG20111747,O75197
KMT5B,DEG20111748,Q4FZB7
CPT1A,DEG20111749,P50416
PPP6R3,DEG20111750,Q5H9R7
SHANK2,DEG20111751,Q9UPX8
ANO1,DEG20111752,Q5XXA6
PPFIA1,DEG20111753,Q13136
PDE2A,DEG20111754,O00408
RNF121,DEG20111755,Q9H920
NUMA1,DEG20111756,Q14980
FCHSD2,DEG20111757,O94868
ARHGEF17,DEG20111758,Q96PE2
FAM168A,DEG20111759,Q92567
PPME1,DEG20111760,Q9Y570
POLD3,DEG20111761,Q15054
EMSY,DEG20111762,Q7Z589
PRKRIR,DEG20111763,O43422
RPS3,DEG20111764,P23396
ARRB1,DEG20111765,P49407
RSF1,DEG20111766,Q96T23
EED,DEG20111767,O75530
PCF11,DEG20111768,O94913
RAB30,DEG20111769,Q15771
PICALM,DEG20111770,Q13492
GAB2,DEG20111771,Q9UQC2
TENM4,DEG20111772,Q6N022
FZD4,DEG20111773,Q9ULV1
GRM5,DEG20111774,P41594
FAT3,DEG20111775,Q8TDW7
CWC15,DEG20111776,Q9P013
MAML2,DEG20111777,Q8IZL2
YAP1,DEG20111778,P46937
SESN3,DEG20111779,P58005
DCUN1D5,DEG20111780,Q9BTE7
CUL5,DEG20111781,Q93034
GRIA4,DEG20111782,P48058
SIK2,DEG20111783,Q9H0K1
ZC3H12C,DEG20111784,Q9C0D7
RDX,DEG20111785,P35241
C11orf57,DEG20111786,Q6ZUT1
ZBTB16,DEG20111787,Q05516
CADM1,DEG20111788,Q9BY67
PAFAH1B2,DEG20111789,P68402
SIK3,DEG20111790,Q9Y2K2
BACE1,DEG20111791,P56817
DSCAML1,DEG20111792,Q8TD84
IL10RA,DEG20111793,Q13651
ARCN1,DEG20111794,P48444
DDX6,DEG20111795,P26196
KMT2A,DEG20111796,Q03164
BCL9L,DEG20111797,Q86UU0
IFT46,DEG20111798,Q9NQC8
UBE4A,DEG20111799,Q14139
HYOU1,DEG20111800,Q9Y4L1
HMBS,DEG20111801,P08397
HINFP,DEG20111802,Q9BQA5
C2CD2L,DEG20111803,O14523
GRAMD1B,DEG20111804,Q3KR37
HSPA8,DEG20111805,P11142
ARHGEF12,DEG20111806,Q9NZN5
UBASH3B,DEG20111807,Q8TF42
TBCEL,DEG20111808,Q5QJ74
SRPRA,DEG20111809,P08240
PKNOX2,DEG20111810,Q96KN3
STT3A,DEG20111811,P46977
EI24,DEG20111812,O14681
PRDM10,DEG20111813,Q9NQV6
ARHGAP32,DEG20111814,A7KAX9
KIRREL3,DEG20111815,Q8IZU9
ZBTB44,DEG20111816,Q8NCP5
VPS26B,DEG20111817,Q4G0F5
IGSF9B,DEG20111818,Q9UPX0
IQSEC3,DEG20111819,Q9UPP2
WNK1,DEG20111820,Q9H4A3
CACNA1C,DEG20111821,Q13936
FKBP4,DEG20111822,Q02790
KDM5A,DEG20111823,P29375
CCND2,DEG20111824,P30279
KCNA6,DEG20111825,P17658
PRMT8,DEG20111826,Q9NR22
TNFRSF1A,DEG20111827,P19438
CHD4,DEG20111828,Q14839
USP5,DEG20111829,P45974
ZNF384,DEG20111830,Q8TF68
MLF2,DEG20111831,Q15773
ATN1,DEG20111832,P54259
PTPN6,DEG20111833,P29350
COPS7A,DEG20111834,Q9UBW8
CDCA3,DEG20111835,Q99618
SLC2A14,DEG20111836,Q8TDB8
CLSTN3,DEG20111837,Q9BQT9
LPCAT3,DEG20111838,Q6P1A2
FOXJ2,DEG20111839,Q9P0K8
NANOG,DEG20111840,Q9H9S0
PHC1,DEG20111841,P78364
RIMKLB,DEG20111842,Q9ULI2
LRP6,DEG20111843,O75581
ETV6,DEG20111844,P41212
ATF7IP,DEG20111845,Q6VMQ6
GRIN2B,DEG20111846,Q13224
WBP11,DEG20111847,Q9Y2W2
PLEKHA5,DEG20111848,Q9HAU0
EPS8,DEG20111849,Q12929
AEBP2,DEG20111850,Q6ZN18
SOX5,DEG20111851,P35711
STK38L,DEG20111852,Q9Y2H1
ASUN,DEG20111853,Q9NVM9
PTHLH,DEG20111854,P12272
FAM60A,DEG20111855,Q9NP50
DENND5B,DEG20111856,Q6ZUT9
FAR2,DEG20111857,Q96K12
IPO8,DEG20111858,O15397
SLC2A13,DEG20111859,Q96QE2
CNTN1,DEG20111860,Q12860
GXYLT1,DEG20111861,Q4G148
PRICKLE1,DEG20111862,Q96MT3
SLC38A2,DEG20111863,Q96QD8
SLC38A1,DEG20111864,Q9H2H9
ARID2,DEG20111865,Q68CP9
SCAF11,DEG20111866,Q99590
NELL2,DEG20111867,Q99435
HDAC7,DEG20111868,Q8WUI4
SLC38A4,DEG20111869,Q969I6
CCNT1,DEG20111870,O60563
SENP1,DEG20111871,Q9P0U3
COL2A1,DEG20111872,P02458
DDN,DEG20111873,O94850
DDX23,DEG20111874,Q9BUQ8
RND1,DEG20111875,Q92730
KMT2D,DEG20111876,O14686
PRPF40B,DEG20111877,Q6NWY9
SPATS2,DEG20111878,Q86XZ4
SMARCD1,DEG20111879,Q96GM5
ASIC1,DEG20111880,P78348
KCNH3,DEG20111881,Q9ULD8
POU6F1,DEG20111882,Q14863
LARP4,DEG20111883,Q71RC2
CSRNP2,DEG20111884,Q9H175
DIP2B,DEG20111885,Q9P265
SLC4A8,DEG20111886,Q2Y0W8
ACVR1B,DEG20111887,P36896
KRT6A,DEG20111888,P02538
NR4A1,DEG20111889,P22736
SCN8A,DEG20111890,Q9UQD0
GRASP,DEG20111891,Q7Z6J2
KRT1,DEG20111892,P04264
EIF4B,DEG20111893,P23588
SPRYD3,DEG20111894,Q8NCJ5
RARG,DEG20111895,P13631
ATF7,DEG20111896,P17544
MAP3K12,DEG20111897,Q12852
SP1,DEG20111898,P08047
ESPL1,DEG20111899,Q14674
PCBP2,DEG20111900,Q15366
ITGA5,DEG20111901,P08648
NCKAP1L,DEG20111902,P55160
HNRNPA1,DEG20111903,P09651
HOXC6,DEG20111904,P09630
PDE1B,DEG20111905,Q01064
SARNP,DEG20111906,P82979
DGKA,DEG20111907,P23743
CDK2,DEG20111908,P24941
IKZF4,DEG20111909,Q9H2S9
DNAJC14,DEG20111910,Q6Y2X3
GDF11,DEG20111911,O95390
NABP2,DEG20111912,Q9BQ15
PA2G4,DEG20111913,Q9UQ80
SMARCC2,DEG20111914,Q8TAQ2
CS,DEG20111915,O75390
PAN2,DEG20111916,Q504Q3
ANKRD52,DEG20111917,Q8NB46
ATP5B,DEG20111918,P06576
BAZ2A,DEG20111919,Q9UIF9
NAB2,DEG20111920,Q15742
KIF5A,DEG20111921,Q12840
DCTN2,DEG20111922,Q13561
LRP1,DEG20111923,Q07954
DTX3,DEG20111924,Q8N9I9
MBD6,DEG20111925,Q96DN6
R3HDM2,DEG20111926,Q9Y2K5
CDK4,DEG20111927,P11802
AGAP2,DEG20111928,Q99490
LEMD3,DEG20111929,Q9Y2U8
XPOT,DEG20111930,O43592
MON2,DEG20111931,Q7Z3U7
USP15,DEG20111932,Q9Y4E8
TBK1,DEG20111933,Q9UHD2
SRGAP1,DEG20111934,Q7Z6B7
DYRK2,DEG20111935,Q92630
GRIP1,DEG20111936,Q9Y3R0
RAP1B,DEG20111937,P61224
MDM2,DEG20111938,Q00987
CPSF6,DEG20111939,Q16630
CAND1,DEG20111940,Q86VP6
CCT2,DEG20111941,P78371
FRS2,DEG20111942,Q8WU20
PTPRB,DEG20111943,P23467
ZFC3H1,DEG20111944,O60293
CNOT2,DEG20111945,Q9NZN8
ZDHHC17,DEG20111946,Q8IUH5
PPP1R12A,DEG20111947,O14974
NAP1L1,DEG20111948,P55209
OSBPL8,DEG20111949,Q9BZF1
NAV3,DEG20111950,Q8IVL0
PPFIA2,DEG20111951,O75334
DUSP6,DEG20111952,Q16828
ATP2B1,DEG20111953,P20020
PLXNC1,DEG20111954,O60486
NR2C1,DEG20111955,P13056
FGD6,DEG20111956,Q6ZV73
NTN4,DEG20111957,Q9HB63
METAP2,DEG20111958,P50579
UHRF1BP1L,DEG20111959,A0JNW5
ANKS1B,DEG20111960,Q7Z6G8
SCYL2,DEG20111961,Q6P3W7
CDK17,DEG20111962,Q00537
HSP90B1,DEG20111963,P14625
HCFC2,DEG20111964,Q9Y5Z7
RFX4,DEG20111965,Q33E94
SLC41A2,DEG20111966,Q96JW4
CORO1C,DEG20111967,Q9ULV4
SART3,DEG20111968,Q15020
RIC8B,DEG20111969,Q9NVN3
BTBD11,DEG20111970,A6QL63
SSH1,DEG20111971,Q8WYL5
ATP2A2,DEG20111972,P16615
ANAPC7,DEG20111973,Q9UJX3
ARPC3,DEG20111974,O15145
GIT2,DEG20111975,Q14161
CUX2,DEG20111976,O14529
ATXN2,DEG20111977,Q99700
VPS29,DEG20111978,Q9UBQ0
PPP1CC,DEG20111979,P36873
NAA25,DEG20111980,Q14CX7
HECTD4,DEG20111981,Q9Y4D8
RPL6,DEG20111982,Q02878
PTPN11,DEG20111983,Q06124
MED13L,DEG20111984,Q71F56
NOS1,DEG20111985,P29475
FBXO21,DEG20111986,O94952
TAOK3,DEG20111987,Q9H2K8
TBX5,DEG20111988,Q99593
KSR2,DEG20111989,Q6VAB6
TBX3,DEG20111990,O15119
RPLP0,DEG20111991,P05388
RAB35,DEG20111992,Q15286
MSI1,DEG20111993,O43347
CIT,DEG20111994,O14578
GCN1,DEG20111995,Q92616
CABP1,DEG20111996,Q9NZU7
KDM2B,DEG20111997,Q8NHM5
HNF1A,DEG20111998,P20823
SPPL3,DEG20111999,Q8TCT6
CLIP1,DEG20112000,P30622
MLXIP,DEG20112001,Q9HAP2
RSRC2,DEG20112002,Q7L4I2
PITPNM2,DEG20112003,Q9BZ72
SBNO1,DEG20112004,A3KN83
KMT5A,DEG20112005,Q9NQR1
TMEM132D,DEG20112006,Q14C87
NCOR2,DEG20112007,Q9Y618
DHX37,DEG20112008,Q8IY37
RAN,DEG20112009,P62826
ULK1,DEG20112010,O75385
EP400,DEG20112011,Q96L91
SFSWAP,DEG20112012,Q12872
GOLGA3,DEG20112013,Q08378
ZNF605,DEG20112014,Q86T29
PSPC1,DEG20112015,Q8WXF1
XPO4,DEG20112016,Q9C0E2
ZMYM2,DEG20112017,Q9UBW7
MPHOSPH8,DEG20112018,Q99549
RNF17,DEG20112019,Q9BXT8
FGF9,DEG20112020,P31371
PAN3,DEG20112021,Q58A45
WASF3,DEG20112022,Q9UPY6
FLT1,DEG20112023,P17948
CDK8,DEG20112024,P49336
RPL21,DEG20112025,P46778
HSPH1,DEG20112026,Q92598
FRY,DEG20112027,Q5TBA9
N4BP2L1,DEG20112028,Q5TBK1
KATNAL1,DEG20112029,Q9BW62
PDS5B,DEG20112030,Q9NTI5
DCLK1,DEG20112031,O15075
TRPC4,DEG20112032,Q9UBN4
NBEA,DEG20112033,Q8NFP9
FOXO1,DEG20112034,Q12778
KBTBD6,DEG20112035,Q86V97
TPT1,DEG20112036,P13693
COG3,DEG20112037,Q96JB2
TSC22D1,DEG20112038,Q15714
RB1,DEG20112039,P06400
ZC3H13,DEG20112040,Q5T200
FNDC3A,DEG20112041,Q9Y2H6
LCP1,DEG20112042,P13796
LRCH1,DEG20112043,Q9Y2L9
INTS6,DEG20112044,Q9UL03
PCDH17,DEG20112045,O14917
SUGT1,DEG20112046,Q9Y2Z0
PCDH9,DEG20112047,Q9HC56
KLF12,DEG20112048,Q9Y4X4
DACH1,DEG20112049,Q9UI36
RBM26,DEG20112050,Q5T8P6
MYCBP2,DEG20112051,O75592
SLITRK1,DEG20112052,Q96PX8
SLAIN1,DEG20112053,Q8ND83
SPRY2,DEG20112054,O43597
TM9SF2,DEG20112055,Q99805
DNAJC3,DEG20112056,Q13217
IPO5,DEG20112057,O00410
MBNL2,DEG20112058,Q5VZF2
DOCK9,DEG20112059,Q9BZ29
EFNB2,DEG20112060,P52799
TPP2,DEG20112061,P29144
ARGLU1,DEG20112062,Q9NWB6
TUBGCP3,DEG20112063,Q96CW5
ATP11A,DEG20112064,P98196
ARHGEF7,DEG20112065,Q14155
COL4A1,DEG20112066,P02462
TNFSF13B,DEG20112067,Q9Y275
MYO16,DEG20112068,Q9Y6X6
LAMP1,DEG20112069,P11279
TFDP1,DEG20112070,Q14186
CHAMP1,DEG20112071,Q96JM3
CDC16,DEG20112072,Q13042
CUL4A,DEG20112073,Q13619
CHD8,DEG20112074,Q9HCK8
ZNF219,DEG20112075,Q9P2Y4
SUPT16H,DEG20112076,Q9Y5B9
HNRNPC,DEG20112077,P07910
MMP14,DEG20112078,P50281
PRMT5,DEG20112079,O14744
ACIN1,DEG20112080,Q9UKV3
RNF31,DEG20112081,Q96EP0
CPNE6,DEG20112082,O95741
JPH4,DEG20112083,Q96JJ6
NFATC4,DEG20112084,Q14934
SCFD1,DEG20112085,Q8WVM8
HECTD1,DEG20112086,Q9ULT8
NOVA1,DEG20112087,P51513
AKAP6,DEG20112088,Q13023
NPAS3,DEG20112089,Q8IXF0
SRP54,DEG20112090,P61011
ARHGAP5,DEG20112091,Q13017
PSMA6,DEG20112092,P60900
SNX6,DEG20112093,Q9UNH7
BAZ1A,DEG20112094,Q9NRL2
NFKBIA,DEG20112095,P25963
RALGAPA1,DEG20112096,Q6GYQ0
MDGA2,DEG20112097,Q7Z553
FBXO33,DEG20112098,Q7Z6M2
PRPF39,DEG20112099,Q86UA1
MGAT2,DEG20112100,Q10469
SOS2,DEG20112101,Q07890
MAP4K5,DEG20112102,Q9Y4K4
ATL1,DEG20112103,Q8WXF7
NEMF,DEG20112104,O60524
TRIM9,DEG20112105,Q9C026
BMP4,DEG20112106,P12644
DDHD1,DEG20112107,Q8NEL9
STYX,DEG20112108,Q8WUJ0
PSMC6,DEG20112109,P62333
FERMT2,DEG20112110,Q96AC1
SAMD4A,DEG20112111,Q9UPU9
NAA30,DEG20112112,Q147X3
GCH1,DEG20112113,P30793
PELI2,DEG20112114,Q9HAT8
EXOC5,DEG20112115,O00471
ARID4A,DEG20112116,P29374
RTN1,DEG20112117,Q16799
PSMA3,DEG20112118,P25788
DAAM1,DEG20112119,Q9Y4D1
TRMT5,DEG20112120,Q32P41
PRKCH,DEG20112121,P24723
PPP2R5E,DEG20112122,Q16537
SIX1,DEG20112123,Q15475
PPM1A,DEG20112124,P35813
HIF1A,DEG20112125,Q16665
GPHN,DEG20112126,Q9NQX3
MAX,DEG20112127,P61244
EIF2S1,DEG20112128,P05198
FUT8,DEG20112129,Q9BYC5
ZBTB1,DEG20112130,Q9Y2K1
SPTB,DEG20112131,P11277
ACTN1,DEG20112132,P12814
DCAF5,DEG20112133,Q96JK2
RBM25,DEG20112134,P49756
PSEN1,DEG20112135,P49768
SIPA1L1,DEG20112136,O43166
PCNX,DEG20112137,Q96RV3
MAP3K9,DEG20112138,P80192
ZFYVE1,DEG20112139,Q9HBF4
ELMSAN1,DEG20112140,Q6PJG2
FCF1,DEG20112141,Q9Y324
YLPM1,DEG20112142,P49750
DLST,DEG20112143,P36957
TMEM63C,DEG20112144,Q9P1W3
TGFB3,DEG20112145,P10600
IRF2BPL,DEG20112146,Q9H1B7
GTF2A1,DEG20112147,P52655
NRXN3,DEG20112148,Q9HDB5
AHSA1,DEG20112149,O95433
SNW1,DEG20112150,Q13573
RPS6KA5,DEG20112151,O75582
FOXN3,DEG20112152,O00409
TTC7B,DEG20112153,Q86TV6
PSMC1,DEG20112154,P62191
ZC3H14,DEG20112155,Q6PJT7
ITPK1,DEG20112156,Q13572
PPP4R3A,DEG20112157,Q6IN85
FBLN5,DEG20112158,Q9UBX5
UNC79,DEG20112159,Q9P2D8
DICER1,DEG20112160,Q9UPY3
BCL11B,DEG20112161,Q9C0K0
PAPOLA,DEG20112162,P51003
WARS,DEG20112163,P23381
YY1,DEG20112164,P25490
EVL,DEG20112165,Q9UI08
CCNK,DEG20112166,O75909
EML1,DEG20112167,O00423
DYNC1H1,DEG20112168,Q14204
TECPR2,DEG20112169,O15040
WDR20,DEG20112170,Q8TBZ3
TRAF3,DEG20112171,Q13114
CDC42BPB,DEG20112172,Q9Y5S2
RCOR1,DEG20112173,Q9UKL0
PPP2R5C,DEG20112174,Q13362
PPP1R13B,DEG20112175,Q96KQ4
EIF5,DEG20112176,P55010
INF2,DEG20112177,Q27J81
JAG2,DEG20112178,Q9Y219
MTA1,DEG20112179,Q13330
AKT1,DEG20112180,P31749
PACS2,DEG20112181,Q86VP3
MAGEL2,DEG20112182,Q9UJ55
CYFIP1,DEG20112183,Q7L576
GABRA5,DEG20112184,P31644
GABRB3,DEG20112185,P28472
HERC2,DEG20112186,O95714
GABRG3,DEG20112187,Q99928
GOLGA8M,DEG20112188,H3BSY2
UBE3A,DEG20112189,Q05086
TJP1,DEG20112190,Q07157
EMC7,DEG20112191,Q9NPA0
OTUD7A,DEG20112192,Q8TE49
RYR3,DEG20112193,Q15413
ACTC1,DEG20112194,P68032
EMC4,DEG20112195,Q5J8M3
AQR,DEG20112196,O60306
LPCAT4,DEG20112197,Q643R3
MEIS2,DEG20112198,O14770
SLC12A6,DEG20112199,Q9UHW9
THBS1,DEG20112200,P07996
BAHD1,DEG20112201,Q8TBE0
VPS18,DEG20112202,Q9P253
INO80,DEG20112203,Q9ULG1
DLL4,DEG20112204,Q9NR61
RAD51,DEG20112205,Q06609
MAPKBP1,DEG20112206,O60336
MGA,DEG20112207,Q8IWI9
RTF1,DEG20112208,Q92541
TTBK2,DEG20112209,Q6IQ55
MAP1A,DEG20112210,P78559
CDAN1,DEG20112211,Q8IWY9
TP53BP1,DEG20112212,Q12888
FRMD5,DEG20112213,Q7Z6J6
PDIA3,DEG20112214,P30101
MFAP1,DEG20112215,P55081
CTDSPL2,DEG20112216,Q05D32
MYEF2,DEG20112217,Q9P2K5
SLC30A4,DEG20112218,O14863
SEMA6D,DEG20112219,Q8NFY4
USP8,DEG20112220,P40818
AP4E1,DEG20112221,Q9UPM8
COPS2,DEG20112222,P61201
FBN1,DEG20112223,P35555
GABPB1,DEG20112224,Q06547
MYO5A,DEG20112225,Q9Y4I1
DMXL2,DEG20112226,Q8TDJ6
LEO1,DEG20112227,Q8WVC0
RSL24D1,DEG20112228,Q9UHA3
FAM214A,DEG20112229,Q32MH5
TCF12,DEG20112230,Q99081
CCPG1,DEG20112231,Q9ULG6
RFX7,DEG20112232,Q2KHR2
PYGO1,DEG20112233,Q9Y3Y4
ADAM10,DEG20112234,O14672
RNF111,DEG20112235,Q6ZNA4
TLN2,DEG20112236,Q9Y4G6
RORA,DEG20112237,P35398
SLTM,DEG20112238,Q9NWH9
HERC1,DEG20112239,Q15751
USP3,DEG20112240,Q9Y6I4
CSNK1G1,DEG20112241,Q9HCP0
ZNF609,DEG20112242,O15014
CSNK1G1,DEG20112243,Q9HCP0
SNX1,DEG20112244,Q13596
DPP8,DEG20112245,Q6V1X1
MAP2K1,DEG20112246,Q02750
RPL4,DEG20112247,P36578
RAB11A,DEG20112248,P62491
KIF23,DEG20112249,Q02241
TLE3,DEG20112250,Q04726
PIAS1,DEG20112251,O75925
ANP32A,DEG20112252,P39687
PARP6,DEG20112253,Q2NL67
NEO1,DEG20112254,Q92859
ARIH1,DEG20112255,Q9Y4X5
PKM,DEG20112256,P14618
NPTN,DEG20112257,Q9Y639
MYO9A,DEG20112258,B2RTY4
ARID3B,DEG20112259,Q8IVW6
CLK3,DEG20112260,P49761
PML,DEG20112261,P29590
CSK,DEG20112262,P41240
SIN3A,DEG20112263,Q96ST3
PTPN9,DEG20112264,P43378
C15orf39,DEG20112265,Q6ZRI6
LINGO1,DEG20112266,Q96FE5
HMG20A,DEG20112267,Q9NP66
IREB2,DEG20112268,P48200
RASGRF1,DEG20112269,Q13972
ARNT2,DEG20112270,Q9HBZ2
AP3B2,DEG20112271,Q13367
HDGFRP3,DEG20112272,Q9Y3E1
CPEB1,DEG20112273,Q9BZB8
ZNF592,DEG20112274,Q92610
ACAN,DEG20112275,P16112
NTRK3,DEG20112276,Q16288
ZNF710,DEG20112277,Q8N1W2
FURIN,DEG20112278,P09958
IQGAP1,DEG20112279,P46940
CRTC3,DEG20112280,Q6UUV7
CHD2,DEG20112281,O14647
NR2F2,DEG20112282,P24468
ASB7,DEG20112283,Q9H672
CHSY1,DEG20112284,Q86X52
ALDH1A3,DEG20112285,P47895
SNRPA1,DEG20112286,P09661
RAB11FIP3,DEG20112287,O75154
CAPN15,DEG20112288,O75808
FBXL16,DEG20112289,Q8N461
UBE2I,DEG20112290,P63279
TMEM204,DEG20112291,Q9BSN7
MAPK8IP3,DEG20112292,Q9UPT6
CLCN7,DEG20112293,P51798
CRAMP1,DEG20112294,Q96RY5
PKD1,DEG20112295,P98161
TSC2,DEG20112296,P49815
CASKIN1,DEG20112297,Q8WXD9
RNPS1,DEG20112298,Q15287
PDPK1,DEG20112299,O15530
NAA60,DEG20112300,Q9H7X0
CREBBP,DEG20112301,Q92793
GLIS2,DEG20112302,Q9BZE0
ADCY9,DEG20112303,O60503
TFAP4,DEG20112304,Q01664
C16orf72,DEG20112305,Q14CZ0
GLYR1,DEG20112306,Q49A26
GRIN2A,DEG20112307,Q12879
UBN1,DEG20112308,Q9NPG3
RBFOX1,DEG20112309,Q9NWB1
USP7,DEG20112310,Q93009
GSPT1,DEG20112311,P15170
ZC3H7A,DEG20112312,Q8IWR0
MKL2,DEG20112313,Q9ULH7
KIAA0430,DEG20112314,Q9Y4F3
SMG1,DEG20112315,Q96Q15
MYH11,DEG20112316,P35749
XYLT1,DEG20112317,Q86Y38
RBBP6,DEG20112318,Q7Z6E9
TNRC6A,DEG20112319,Q8NDV7
CACNG3,DEG20112320,O60359
PRKCB,DEG20112321,P05771
PLK1,DEG20112322,P53350
ARHGAP17,DEG20112323,Q68EM7
XPO6,DEG20112324,Q96QU8
GTF3C1,DEG20112325,Q12789
ATXN2L,DEG20112326,Q8WWM7
IL27,DEG20112327,Q8NEV9
SH2B1,DEG20112328,Q9NRF2
TAOK2,DEG20112329,Q9UL54
MAZ,DEG20112330,P56270
CORO1A,DEG20112331,P31146
TBC1D10B,DEG20112332,Q4KMP7
ZNF629,DEG20112333,Q9UEG4
RNF40,DEG20112334,O75150
SRCAP,DEG20112335,Q6ZRS2
FBRS,DEG20112336,Q9HAH7
FUS,DEG20112337,P35637
KAT8,DEG20112338,Q9H7Z6
SETD1A,DEG20112339,O15047
STX1B,DEG20112340,P61266
FBXL19,DEG20112341,Q6PCT2
VPS35,DEG20112342,Q96QK1
SIAH1,DEG20112343,Q8IUQ4
DNAJA2,DEG20112344,O60884
ZNF423,DEG20112345,Q2M1K9
PAPD5,DEG20112346,Q8NDF8
ITFG1,DEG20112347,Q8TB96
NKD1,DEG20112348,Q969G9
BRD7,DEG20112349,Q9NPI1
RBL2,DEG20112350,Q08999
CHD9,DEG20112351,Q3L8U1
CYLD,DEG20112352,Q9NQC7
TOX3,DEG20112353,O15405
SALL1,DEG20112354,Q9NSC2
GNAO1,DEG20112355,P09471
NUDT21,DEG20112356,O43809
RSPRY1,DEG20112357,Q96DX4
FAM192A,DEG20112358,Q9GZU8
CX3CL1,DEG20112359,P78423
ZNF319,DEG20112360,Q9P2F9
CDH11,DEG20112361,P55287
CNOT1,DEG20112362,A5YKK6
CDH8,DEG20112363,P55286
CSNK2A2,DEG20112364,P19784
CBFB,DEG20112365,Q13951
ATP6V0D1,DEG20112366,P61421
CTCF,DEG20112367,P49711
RANBP10,DEG20112368,Q6VN20
EDC4,DEG20112369,Q6P2E9
NFATC3,DEG20112370,Q12968
WWP2,DEG20112371,O00308
VPS4A,DEG20112372,Q9UN37
TERF2,DEG20112373,Q15554
NFAT5,DEG20112374,O94916
AP1G1,DEG20112375,O43747
ST3GAL2,DEG20112376,Q16842
SF3B3,DEG20112377,Q15393
DDX19A,DEG20112378,Q9NUU7
GLG1,DEG20112379,Q92896
ZFHX3,DEG20112380,Q15911
BCAR1,DEG20112381,P56945
CMIP,DEG20112382,Q8IY22
PLCG2,DEG20112383,P16885
KLHL36,DEG20112384,Q8N4N3
USP10,DEG20112385,Q14694
FBXO31,DEG20112386,Q5XUX0
JPH3,DEG20112387,Q8WXH2
ZCCHC14,DEG20112388,Q8WYQ9
FOXF1,DEG20112389,Q12946
IRF8,DEG20112390,Q02556
BANP,DEG20112391,Q8N9N5
ZC3H18,DEG20112392,Q86VM9
ANKRD11,DEG20112393,Q6UB99
RPL13,DEG20112394,P26373
TUBB3,DEG20112395,Q13509
YWHAE,DEG20112396,P62258
PITPNA,DEG20112397,Q00169
ABR,DEG20112398,Q12979
SMG6,DEG20112399,Q86US8
MNT,DEG20112400,Q99583
PRPF8,DEG20112401,Q6P2Q9
METTL16,DEG20112402,Q86W50
PAFAH1B1,DEG20112403,P43034
CLUH,DEG20112404,O75153
RAP1GAP2,DEG20112405,Q684P5
ZZEF1,DEG20112406,O43149
ANKFY1,DEG20112407,Q9P2R3
PELP1,DEG20112408,Q8IZL8
NCBP3,DEG20112409,Q53F19
CAMTA2,DEG20112410,O94983
MINK1,DEG20112411,Q8N4C8
PITPNM3,DEG20112412,Q9BZ71
RABEP1,DEG20112413,Q15276
DERL2,DEG20112414,Q9GZP9
PHF23,DEG20112415,Q9BUL5
DLG4,DEG20112416,P78352
NEURL4,DEG20112417,Q96JN8
YBX2,DEG20112418,Q9Y2T7
NLGN2,DEG20112419,Q8NFZ4
CTDNEP1,DEG20112420,O95476
EIF4A1,DEG20112421,P60842
TNFSF12,DEG20112422,O43508
SENP3,DEG20112423,Q9H4L4
POLR2A,DEG20112424,P24928
FXR2,DEG20112425,P51116
ZBTB4,DEG20112426,Q9P1Z0
TNFSF12-TNFSF13,DEG20112427,-
TP53,DEG20112428,P04637
KDM6B,DEG20112429,O15054
CHD3,DEG20112430,Q12873
MYH10,DEG20112431,P35580
RPL26,DEG20112432,P61254
NDEL1,DEG20112433,Q9GZM8
MAP2K4,DEG20112434,P45985
MYOCD,DEG20112435,Q8IZQ8
ARHGAP44,DEG20112436,Q17R89
FLCN,DEG20112437,Q8NFG4
RAI1,DEG20112438,Q7Z5J4
NCOR1,DEG20112439,O75376
COPS3,DEG20112440,Q9UNS2
LGALS9C,DEG20112441,Q6DKI2
SREBF1,DEG20112442,P36956
LLGL1,DEG20112443,Q15334
GID4,DEG20112444,Q8IVV7
AKAP10,DEG20112445,O43572
WSB1,DEG20112446,Q9Y6I7
USP22,DEG20112447,Q9UPT9
NLK,DEG20112448,Q9UBE8
SUPT6H,DEG20112449,Q7KZ85
FOXN1,DEG20112450,O15353
TAOK1,DEG20112451,Q7L7X3
PHF12,DEG20112452,Q96QT6
GIT1,DEG20112453,Q9Y2X7
NUFIP2,DEG20112454,Q7Z417
MYO18A,DEG20112455,Q92614
NF1,DEG20112456,P21359
CRLF3,DEG20112457,Q8IUI8
ATAD5,DEG20112458,Q96QE3
SSH2,DEG20112459,Q76I76
ANKRD13B,DEG20112460,Q86YJ7
LRRC37B,DEG20112461,Q96QE4
PSMD11,DEG20112462,O00231
RHOT1,DEG20112463,Q8IXI2
C17orf75,DEG20112464,Q9HAS0
SUZ12,DEG20112465,Q15022
RAB11FIP4,DEG20112466,Q86YS3
ASIC2,DEG20112467,Q16515
AP2B1,DEG20112468,P63010
GGNBP2,DEG20112469,Q9H3C7
ACACA,DEG20112470,Q13085
MLLT6,DEG20112471,P55198
HNF1B,DEG20112472,P35680
SRCIN1,DEG20112473,Q9C0H9
PIP4K2B,DEG20112474,P78356
SYNRG,DEG20112475,Q9UMZ2
SOCS7,DEG20112476,O14512
RPL23,DEG20112477,P62829
CACNB1,DEG20112478,Q02641
RPL19,DEG20112479,P84098
FBXL20,DEG20112480,Q96IG2
CDK12,DEG20112481,Q9NYV4
ERBB2,DEG20112482,P04626
MED1,DEG20112483,Q15648
CASC3,DEG20112484,O15234
MSL1,DEG20112485,Q68DK7
NR1D1,DEG20112486,P20393
RARA,DEG20112487,P10276
IKZF3,DEG20112488,Q9UKT9
PSMD3,DEG20112489,O43242
SMARCE1,DEG20112490,Q969G3
TOP2A,DEG20112491,P11388
KRT31,DEG20112492,Q15323
ACLY,DEG20112493,P53396
KLHL10,DEG20112494,Q6JEL2
DNAJC7,DEG20112495,Q99615
TUBG1,DEG20112496,P23258
ATP6V0A1,DEG20112497,Q93050
STAT5B,DEG20112498,P51692
STAT3,DEG20112499,P40763
KCNH4,DEG20112500,Q9UQ05
STAT5A,DEG20112501,P42229
BECN1,DEG20112502,Q14457
PSME3,DEG20112503,P61289
DHX8,DEG20112504,Q14562
UBTF,DEG20112505,P17480
SLC4A1,DEG20112506,P02730
RUNDC3A,DEG20112507,Q59EK9
LSM12,DEG20112508,Q3MHD2
MEIOC,DEG20112509,A2RUB1
HDAC5,DEG20112510,Q9UQL6
GPATCH8,DEG20112511,Q9UKJ3
ATXN7L3,DEG20112512,Q14CW9
HEXIM1,DEG20112513,O94992
NMT1,DEG20112514,P30419
GJC1,DEG20112515,P36383
EFTUD2,DEG20112516,Q15029
FMNL1,DEG20112517,O95466
NPEPPS,DEG20112518,P55786
KANSL1,DEG20112519,Q7Z3B3
KPNB1,DEG20112520,Q14974
WNT3,DEG20112521,P56703
NFE2L1,DEG20112522,Q14494
SP2,DEG20112523,Q02086
TBX21,DEG20112524,Q9UL17
CBX1,DEG20112525,P83916
UBE2Z,DEG20112526,Q9H832
IGF2BP1,DEG20112527,Q9NZI8
ZNF652,DEG20112528,Q9Y2D9
PPP1R9B,DEG20112529,Q96SB3
KAT7,DEG20112530,O95251
COL1A1,DEG20112531,P02452
SPOP,DEG20112532,O43791
CA10,DEG20112533,Q9NS85
SPAG9,DEG20112534,O60271
LUC7L3,DEG20112535,O95232
CACNA1G,DEG20112536,O43497
MBTD1,DEG20112537,Q05BQ5
MSI2,DEG20112538,Q96DH6
SRSF1,DEG20112539,Q07955
VEZF1,DEG20112540,Q14119
MTMR4,DEG20112541,Q9NYA4
USP32,DEG20112542,Q8NFA0
CLTC,DEG20112543,Q00610
VMP1,DEG20112544,Q96GC9
YPEL2,DEG20112545,Q96QA6
PPM1E,DEG20112546,Q8WY54
APPBP2,DEG20112547,Q92624
DHX40,DEG20112548,Q8IX18
RPS6KB1,DEG20112549,P23443
BCAS3,DEG20112550,Q9H6U6
MRC2,DEG20112551,Q9UBG0
MED13,DEG20112552,Q9UHV7
TANC2,DEG20112553,Q9HCD6
INTS2,DEG20112554,Q9H0H0
TLK2,DEG20112555,Q86UE8
TBX2,DEG20112556,Q13207
PSMC5,DEG20112557,P62195
DDX42,DEG20112558,Q86XP3
ERN1,DEG20112559,O75460
CD79B,DEG20112560,P40259
SMARCD2,DEG20112561,Q92925
MAP3K3,DEG20112562,Q99759
PSMD12,DEG20112563,O00232
BPTF,DEG20112564,Q12830
PITPNC1,DEG20112565,Q9UKF7
DDX5,DEG20112566,P17844
SMURF2,DEG20112567,Q9HAU4
HELZ,DEG20112568,P42694
PRKCA,DEG20112569,P17252
SOX9,DEG20112570,P48436
PRKAR1A,DEG20112571,P10644
MAP2K6,DEG20112572,P52564
NUP85,DEG20112573,Q9BW27
CASKIN2,DEG20112574,Q8WXE0
UNK,DEG20112575,Q9C0B0
SLC25A19,DEG20112576,Q9HC21
UBE2O,DEG20112577,Q9C0C9
TNRC6C,DEG20112578,Q9HCJ0
CYTH1,DEG20112579,Q15438
CBX8,DEG20112580,Q9HC52
CBX2,DEG20112581,Q14781
RPTOR,DEG20112582,Q8N122
EIF4A3,DEG20112583,P38919
NPLOC4,DEG20112584,Q8TAT6
BAHCC1,DEG20112585,Q9P281
FASN,DEG20112586,P49327
GPS1,DEG20112587,Q13098
P4HB,DEG20112588,P07237
CSNK1D,DEG20112589,P48730
FOXK2,DEG20112590,Q01167
COLEC12,DEG20112591,Q5KU26
USP14,DEG20112592,P54578
SMCHD1,DEG20112593,A6NHR9
TYMS,DEG20112594,P04818
DLGAP1,DEG20112595,O14490
PTPRM,DEG20112596,P28827
ANKRD12,DEG20112597,Q6UB98
PPP4R1,DEG20112598,Q8TF05
GNAL,DEG20112599,P38405
PTPN2,DEG20112600,P17706
ESCO1,DEG20112601,Q5FWF5
ROCK1,DEG20112602,Q13464
C18orf8,DEG20112603,Q96DM3
KCTD1,DEG20112604,Q719H9
SS18,DEG20112605,Q15532
ZNF521,DEG20112606,Q96K83
ASXL3,DEG20112607,Q9C0F0
NOL4,DEG20112608,O94818
DSG1,DEG20112609,Q02413
TRAPPC8,DEG20112610,Q9Y2L5
DTNA,DEG20112611,Q9Y4J8
B4GALT6,DEG20112612,Q9UBX8
MAPRE2,DEG20112613,Q15555
SETBP1,DEG20112614,Q9Y6X0
ZNF24,DEG20112615,P17028
CELF4,DEG20112616,Q9BZC1
FHOD3,DEG20112617,Q2V2M9
ATP5A1,DEG20112618,P25705
RNF165,DEG20112619,Q6ZSG1
PIAS2,DEG20112620,O75928
C18orf25,DEG20112621,Q96B23
CXXC1,DEG20112622,Q9P0U4
ZBTB7C,DEG20112623,A1YPR0
SMAD7,DEG20112624,O15105
CTIF,DEG20112625,O43310
SMAD2,DEG20112626,Q15796
MBD1,DEG20112627,Q9UIS9
TXNL1,DEG20112628,O43396
WDR7,DEG20112629,Q9Y4E6
MBD2,DEG20112630,Q9UBB5
ONECUT2,DEG20112631,O95948
DCC,DEG20112632,P43146
MEX3C,DEG20112633,Q5U5Q3
TCF4,DEG20112634,P15884
SMAD4,DEG20112635,Q13485
ST8SIA3,DEG20112636,O43173
NEDD4L,DEG20112637,Q96PU5
KIAA1468,DEG20112638,Q9P260
MALT1,DEG20112639,Q9UDY8
ZNF532,DEG20112640,Q9HCE3
CDH20,DEG20112641,Q9HBT6
PHLPP1,DEG20112642,O60346
ZNF407,DEG20112643,Q9C0G0
NETO1,DEG20112644,Q8TDF5
TSHZ1,DEG20112645,Q6ZSZ6
NFATC1,DEG20112646,O95644
CTDP1,DEG20112647,Q9Y5B0
ZNF236,DEG20112648,Q9UL36
MIER2,DEG20112649,Q8N344
PTBP1,DEG20112650,P26599
WDR18,DEG20112651,Q9BV38
STK11,DEG20112652,Q15831
MBD3,DEG20112653,O95983
DAZAP1,DEG20112654,Q96EP5
APC2,DEG20112655,O95996
DOT1L,DEG20112656,Q8TEK3
CSNK1G2,DEG20112657,P78368
BTBD2,DEG20112658,Q9BX70
LMNB2,DEG20112659,Q03252
FZR1,DEG20112660,Q9UM11
GNA11,DEG20112661,P29992
CELF5,DEG20112662,Q8N6W0
CACTIN,DEG20112663,Q8WUQ7
EEF2,DEG20112664,P13639
PIAS4,DEG20112665,Q8N2W9
DPP9,DEG20112666,Q86TI2
KDM4B,DEG20112667,O94953
SAFB2,DEG20112668,Q14151
SAFB,DEG20112669,Q15424
CHAF1A,DEG20112670,Q13111
RANBP3,DEG20112671,Q9H6Z4
MLLT1,DEG20112672,Q03111
LONP1,DEG20112673,P36776
RFX2,DEG20112674,P48378
VAV1,DEG20112675,P15498
C3,DEG20112676,P01024
KHSRP,DEG20112677,Q92945
ARHGEF18,DEG20112678,Q6ZSZ5
CAMSAP3,DEG20112679,Q9P1Y5
XAB2,DEG20112680,Q9HCS7
ELAVL1,DEG20112681,Q15717
EVI5L,DEG20112682,Q96CN4
MAP2K7,DEG20112683,O14733
HNRNPM,DEG20112684,P52272
ADAMTS10,DEG20112685,Q9H324
OLFM2,DEG20112686,O95897
EIF3G,DEG20112687,O75821
PDE4A,DEG20112688,P27815
CDC37,DEG20112689,Q16543
DNMT1,DEG20112690,P26358
C19orf66,DEG20112691,Q9NUL5
RAVER1,DEG20112692,Q8IY67
CARM1,DEG20112693,Q86X55
SMARCA4,DEG20112694,P51532
DNM2,DEG20112695,P50570
ILF3,DEG20112696,Q12906
KANK2,DEG20112697,Q63ZY3
PLPPR2,DEG20112698,
MAST1,DEG20112699,Q9Y2H9
TNPO2,DEG20112700,O14787
CALR,DEG20112701,P27797
CACNA1A,DEG20112702,O00555
NFIX,DEG20112703,Q14938
NACC1,DEG20112704,Q96RE7
RFX1,DEG20112705,P22670
ADGRL1,DEG20112706,O94910
PRKACA,DEG20112707,P17612
DCAF15,DEG20112708,Q66K64
SLC1A6,DEG20112709,P48664
SYDE1,DEG20112710,Q6ZW31
BRD4,DEG20112711,O60885
WIZ,DEG20112712,O95785
AKAP8,DEG20112713,O43823
EPS15L1,DEG20112714,Q9UBC2
RAB8A,DEG20112715,P61006
SIN3B,DEG20112716,O75182
MYO9B,DEG20112717,Q13459
CHERP,DEG20112718,Q8IWX8
MED26,DEG20112719,O95402
RPL18A,DEG20112720,Q02543
FCHO1,DEG20112721,O14526
JAK3,DEG20112722,P52333
UNC13A,DEG20112723,Q9UPW8
ANO8,DEG20112724,Q9HCE9
ELL,DEG20112725,P55199
FKBP8,DEG20112726,Q14318
PIK3R2,DEG20112727,O00459
MAST3,DEG20112728,O60307
SSBP4,DEG20112729,Q9BWG4
KCNN1,DEG20112730,Q92952
LRRC25,DEG20112731,Q8N386
CRTC1,DEG20112732,Q6UUV9
UPF1,DEG20112733,Q92900
SUGP2,DEG20112734,Q8IX01
SUGP1,DEG20112735,Q8IWZ8
ATP13A1,DEG20112736,Q9HD20
MAU2,DEG20112737,Q9Y6X3
GATAD2A,DEG20112738,Q86YP4
ZNF536,DEG20112739,O15090
UBA2,DEG20112740,Q9UBT2
HPN,DEG20112741,P05981
USF2,DEG20112742,Q15853
KMT2B,DEG20112743,Q9UMN6
CLIP3,DEG20112744,Q96DZ5
SIPA1L3,DEG20112745,O60292
DPF1,DEG20112746,Q92782
HNRNPL,DEG20112747,P14866
ACTN4,DEG20112748,O43707
MAP4K1,DEG20112749,Q92918
SAMD4B,DEG20112750,Q5PRF9
SUPT5H,DEG20112751,O00267
DYRK1B,DEG20112752,Q9Y463
AKT2,DEG20112753,P31751
FBL,DEG20112754,P22087
HNRNPUL1,DEG20112755,Q9BUJ2
LTBP4,DEG20112756,Q8N2S1
RAB4B,DEG20112757,P61018
RPS19,DEG20112758,P39019
CD79A,DEG20112759,P11912
GRIK5,DEG20112760,Q16478
MEGF8,DEG20112761,Q7Z7M0
GSK3A,DEG20112762,P49840
CIC,DEG20112763,Q96RK0
ZNF574,DEG20112764,Q6ZN55
POU2F2,DEG20112765,P09086
ARHGEF1,DEG20112766,Q92888
ATP1A3,DEG20112767,P13637
CADM4,DEG20112768,Q8NFZ8
TOMM40,DEG20112769,O96008
ZNF296,DEG20112770,Q8WUU4
RELB,DEG20112771,Q01201
EXOC3L2,DEG20112772,Q2M3D2
CLASRP,DEG20112773,Q8N2M8
CLPTM1,DEG20112774,O96005
MARK4,DEG20112775,Q96L34
SYMPK,DEG20112776,Q92797
IRF2BP1,DEG20112777,Q8IU81
PPP5C,DEG20112778,P53041
PRKD2,DEG20112779,Q9BZL6
NPAS1,DEG20112780,Q99742
SAE1,DEG20112781,Q9UBE0
ZC3H4,DEG20112782,Q9UPT8
ARHGAP35,DEG20112783,Q9NRY4
STRN4,DEG20112784,Q9NRL3
NAPA,DEG20112785,P54920
AP2S1,DEG20112786,P53680
GLTSCR1,DEG20112787,Q9NZM4
GRIN2D,DEG20112788,O15399
RASIP1,DEG20112789,Q5U651
CA11,DEG20112790,O75493
RUVBL2,DEG20112791,Q9Y230
SNRNP70,DEG20112792,P08621
PPFIA3,DEG20112793,O75145
FLT3LG,DEG20112794,P49771
SLC17A7,DEG20112795,Q9P2U7
RPS11,DEG20112796,P62280
PRR12,DEG20112797,Q9ULL5
AP2A1,DEG20112798,O95782
PRMT1,DEG20112799,Q99873
TSKS,DEG20112800,Q9UJT2
SCAF1,DEG20112801,Q9H7N4
MYH14,DEG20112802,Q7Z406
SHANK1,DEG20112803,Q9Y566
PRKCG,DEG20112804,P05129
TTYH1,DEG20112805,Q9H313
PRPF31,DEG20112806,Q8WWY3
CNOT3,DEG20112807,O75175
LENG8,DEG20112808,Q96PV6
BRSK1,DEG20112809,Q8TDC3
PPP6R1,DEG20112810,Q9UPN7
U2AF2,DEG20112811,P26368
ZNF628,DEG20112812,Q5EBL2
RPS5,DEG20112813,P46782
TRIM28,DEG20112814,Q13263
CHMP2A,DEG20112815,O43633
CSNK2A1,DEG20112816,P68400
TBC1D20,DEG20112817,Q96BZ9
STK35,DEG20112818,Q8TDR2
PTPRA,DEG20112819,P18433
NOP56,DEG20112820,O00567
ATRN,DEG20112821,O75882
CENPB,DEG20112822,P07199
PLCB1,DEG20112823,Q9NQ66
BMP2,DEG20112824,P12643
PCNA,DEG20112825,P12004
SNAP25,DEG20112826,P60880
FLRT3,DEG20112827,Q9NZU0
TASP1,DEG20112828,Q9H6P5
PAK7,DEG20112829,Q9P286
JAG1,DEG20112830,P78504
ZNF133,DEG20112831,P52736
PCSK2,DEG20112832,P16519
SLC24A3,DEG20112833,Q9HC58
NAPB,DEG20112834,Q9H115
TPX2,DEG20112835,Q9ULW0
NOL4L,DEG20112836,Q96MY1
TM9SF4,DEG20112837,Q92544
MAPRE1,DEG20112838,Q15691
XKR7,DEG20112839,Q5GH72
POFUT1,DEG20112840,Q9H488
DNMT3B,DEG20112841,Q9UBC3
E2F1,DEG20112842,Q01094
CBFA2T2,DEG20112843,O43439
ITCH,DEG20112844,Q96J02
AHCY,DEG20112845,P23526
GDF5,DEG20112846,P43026
TRPC4AP,DEG20112847,Q8TEL6
GGT7,DEG20112848,Q9UJ14
NCOA6,DEG20112849,Q14686
DLGAP4,DEG20112850,Q9Y2H0
TGIF2-C20orf24,DEG20112851,-
SOGA1,DEG20112852,O94964
RBM39,DEG20112853,Q14498
NDRG3,DEG20112854,Q9UGV2
PHF20,DEG20112855,Q9BVI0
PPP1R16B,DEG20112856,Q96T49
RALGAPB,DEG20112857,Q86X10
SRC,DEG20112858,P12931
PTPRT,DEG20112859,O14522
MYBL2,DEG20112860,P10244
CHD6,DEG20112861,Q8TD26
TOP1,DEG20112862,P11387
SRSF6,DEG20112863,Q13247
YWHAB,DEG20112864,P31946
PABPC1L,DEG20112865,Q4VXU2
RIMS4,DEG20112866,Q9H426
HNF4A,DEG20112867,P41235
NCOA5,DEG20112868,Q9HCD5
SLC12A5,DEG20112869,Q9H2X9
PCIF1,DEG20112870,Q9H4Z3
ZNFX1,DEG20112871,Q9P2E3
CSE1L,DEG20112872,P55060
KCNB1,DEG20112873,Q14721
ZMYND8,DEG20112874,Q9ULU4
STAU1,DEG20112875,O95793
ARFGEF2,DEG20112876,Q9Y6D5
NCOA3,DEG20112877,Q9Y6Q9
PREX1,DEG20112878,Q8TCU6
B4GALT5,DEG20112879,O43286
ATP9A,DEG20112880,O75110
ADNP,DEG20112881,Q9H2P0
NFATC2,DEG20112882,Q13469
SALL4,DEG20112883,Q9UJQ4
ZNF217,DEG20112884,O75362
TFAP2C,DEG20112885,Q92754
CSTF1,DEG20112886,Q05048
BMP7,DEG20112887,P18075
GNAS,DEG20112888,O95467
RAE1,DEG20112889,P78406
TAF4,DEG20112890,O00268
SYCP2,DEG20112891,Q9BX26
CDH4,DEG20112892,P55283
PSMA7,DEG20112893,O14818
PHACTR3,DEG20112894,Q96KR7
LSM14B,DEG20112895,Q9BX40
TCFL5,DEG20112896,Q9UL49
MRGBP,DEG20112897,Q9NV56
LAMA5,DEG20112898,O15230
GID8,DEG20112899,Q9NWU2
YTHDF1,DEG20112900,Q9BYJ9
DIDO1,DEG20112901,Q9BTC0
ADRM1,DEG20112902,Q16186
KCNQ2,DEG20112903,O43526
EEF1A2,DEG20112904,Q05639
GMEB2,DEG20112905,Q9UKD1
MYT1,DEG20112906,Q01538
ZNF512B,DEG20112907,Q96KM6
NRIP1,DEG20112908,P48552
USP25,DEG20112909,Q9UHP3
NCAM2,DEG20112910,O15394
CCT8,DEG20112911,P50990
GABPA,DEG20112912,Q06546
TIAM1,DEG20112913,Q13009
HUNK,DEG20112914,P57058
SCAF4,DEG20112915,O95104
SON,DEG20112916,P18583
PAXBP1,DEG20112917,Q9Y5B6
ITSN1,DEG20112918,Q15811
MORC3,DEG20112919,Q14149
ETS2,DEG20112920,P15036
BRWD1,DEG20112921,Q9NSI6
DYRK1A,DEG20112922,Q13627
ERG,DEG20112923,P11308
BACE2,DEG20112924,Q9Y5Z0
DSCAM,DEG20112925,O60469
ZBTB21,DEG20112926,Q9ULJ3
SIK1,DEG20112927,P57059
U2AF1,DEG20112928,Q01081
TRAPPC10,DEG20112929,P48553
PKNOX1,DEG20112930,P55347
AGPAT3,DEG20112931,Q9NRZ7
PDXK,DEG20112932,O00764
COL6A1,DEG20112933,P12109
PCBP3,DEG20112934,P57721
MICAL3,DEG20112935,Q7RTP6
TBX1,DEG20112936,O43435
SEPT5,DEG20112937,Q99719
HIRA,DEG20112938,P54198
UFD1L,DEG20112939,Q92890
DGCR8,DEG20112940,Q8WYQ5
ZDHHC8,DEG20112941,Q9ULC8
MED15,DEG20112942,Q96RN5
HIC2,DEG20112943,Q96JB3
MAPK1,DEG20112944,P28482
BCR,DEG20112945,P11274
SMARCB1,DEG20112946,Q12824
SPECC1L,DEG20112947,Q69YQ0
SEZ6L,DEG20112948,Q9BYH1
SGSM1,DEG20112949,Q2NKQ1
PITPNB,DEG20112950,P48739
NIPSNAP1,DEG20112951,Q9BPW8
AP1B1,DEG20112952,Q10567
NF2,DEG20112953,P35240
ZNRF3,DEG20112954,Q9ULT6
EWSR1,DEG20112955,Q01844
TBC1D10A,DEG20112956,Q9BXI6
MTMR3,DEG20112957,Q13615
SF3A1,DEG20112958,Q15459
EIF4ENIF1,DEG20112959,Q9NRA8
MORC2,DEG20112960,Q9Y6X9
DRG1,DEG20112961,Q9Y295
PRR14L,DEG20112962,Q5THK1
DEPDC5,DEG20112963,O75140
PATZ1,DEG20112964,Q9HBE1
LARGE,DEG20112965,O95461
MYH9,DEG20112966,P35579
CACNG2,DEG20112967,Q9Y698
EIF3D,DEG20112968,O15371
RBFOX2,DEG20112969,O43251
IL2RB,DEG20112970,P14784
GGA1,DEG20112971,Q9UJY5
CSNK1E,DEG20112972,P49674
EIF3L,DEG20112973,Q9Y262
SOX10,DEG20112974,P56693
GTPBP1,DEG20112975,O00178
RPL3,DEG20112976,P39023
PDGFB,DEG20112977,P01127
CACNA1I,DEG20112978,Q9P0X4
RBX1,DEG20112979,P62877
TNRC6B,DEG20112980,Q9UPQ9
EP300,DEG20112981,Q09472
ZC3H7B,DEG20112982,Q9UGR2
SREBF2,DEG20112983,Q12772
XRCC6,DEG20112984,P12956
TCF20,DEG20112985,Q9UGU0
SULT4A1,DEG20112986,Q9BR01
SCUBE1,DEG20112987,Q8IWY4
PRR5,DEG20112988,P85299
SMC1B,DEG20112989,Q8NDV3
PHF21B,DEG20112990,Q96EK2
CELSR1,DEG20112991,Q9NYQ6
ZBED4,DEG20112992,O75132
GRAMD4,DEG20112993,Q6IC98
BRD1,DEG20112994,O95696
TBC1D22A,DEG20112995,Q8WUA7
PLXNB2,DEG20112996,O15031
PIM3,DEG20112997,Q86V86
TRABD,DEG20112998,Q9H4I3
SHANK3,DEG20112999,Q9BYB0
MAPK8IP2,DEG20113000,Q13387
ANOS1,DEG20113001,P23352
WWC3,DEG20113002,Q9ULE0
NLGN4X,DEG20113003,Q8N0W4
TBL1X,DEG20113004,O60907
STS,DEG20113005,P08842
CLCN4,DEG20113006,P51793
PRPS2,DEG20113007,P11908
HCCS,DEG20113008,P53701
GLRA2,DEG20113009,P23416
OFD1,DEG20113010,O75665
ARHGAP6,DEG20113011,O43182
GEMIN8,DEG20113012,Q9NWZ8
FRMPD4,DEG20113013,Q14CM0
MSL3,DEG20113014,Q8N5Y2
TLR8,DEG20113015,Q9NR97
PIGA,DEG20113016,P37287
RBBP7,DEG20113017,Q16576
FANCB,DEG20113018,Q8NB91
TXLNG,DEG20113019,Q9NUQ3
ZRSR2,DEG20113020,Q15696
ACE2,DEG20113021,Q9BYF1
MOSPD2,DEG20113022,Q8NHP6
CDKL5,DEG20113023,O76039
REPS2,DEG20113024,Q8NFH8
PDHA1,DEG20113025,P08559
ADGRG2,DEG20113026,Q8IZP9
SCML2,DEG20113027,Q9UQR0
NHS,DEG20113028,Q6T4R5
PPEF1,DEG20113029,O14829
CNKSR2,DEG20113030,Q8WXI2
SCML1,DEG20113031,Q9UN30
SH3KBP1,DEG20113032,Q96B97
RPS6KA3,DEG20113033,P51812
PHKA2,DEG20113034,P46019
POLA1,DEG20113035,P09884
PTCHD1,DEG20113036,Q96NR3
EIF2S3,DEG20113037,P41091
ZFX,DEG20113038,P17010
SMS,DEG20113039,P52788
MBTPS2,DEG20113040,O43462
PHEX,DEG20113041,P78562
PCYT1B,DEG20113042,Q9Y5K3
KLHL15,DEG20113043,Q96M94
TAB3,DEG20113044,Q8N5C8
DMD,DEG20113045,P11532
IL1RAPL1,DEG20113046,Q9NZN1
GK,DEG20113047,P32189
TSPAN7,DEG20113048,P41732
RPGR,DEG20113049,Q92834
BCOR,DEG20113050,Q6W2J9
OTC,DEG20113051,P00480
CYBB,DEG20113052,P04839
CFAP47,DEG20113053,Q6ZTR5
CASK,DEG20113054,O14936
MED14,DEG20113055,O60244
MAOB,DEG20113056,P27338
DDX3X,DEG20113057,O00571
MAOA,DEG20113058,P21397
USP9X,DEG20113059,Q93008
KDM6A,DEG20113060,O15550
SLC9A7,DEG20113061,Q96T83
EFHC2,DEG20113062,Q5JST6
USP11,DEG20113063,P51784
UBA1,DEG20113064,P22314
JADE3,DEG20113065,Q92613
CDK16,DEG20113066,Q00536
RBM10,DEG20113067,P98175
CFP,DEG20113068,P27918
FTSJ1,DEG20113069,Q9UET6
PORCN,DEG20113070,Q9H237
WAS,DEG20113071,P42768
WDR13,DEG20113072,Q9H1Z4
SUV39H1,DEG20113073,O43463
SLC38A5,DEG20113074,Q8WUX1
GPKOW,DEG20113075,Q92917
WDR45,DEG20113076,Q9Y484
GRIPAP1,DEG20113077,Q4V328
TFE3,DEG20113078,P19532
OTUD5,DEG20113079,Q96G74
HDAC6,DEG20113080,Q9UBN7
WDR45,DEG20113081,Q9Y484
CCDC22,DEG20113082,O60826
FOXP3,DEG20113083,Q9BZS1
GSPT2,DEG20113084,Q8IYD1
AKAP4,DEG20113085,Q5JQC9
SHROOM4,DEG20113086,Q9ULL8
CLCN5,DEG20113087,P51795
MAGED1,DEG20113088,Q9Y5V3
IQSEC2,DEG20113089,Q5JU85
RIBC1,DEG20113090,Q8N443
HUWE1,DEG20113091,Q7Z6Z7
KDM5C,DEG20113092,P41229
SMC1A,DEG20113093,Q14683
WNK3,DEG20113094,Q9BYP7
PHF8,DEG20113095,Q9UPP1
FGD1,DEG20113096,P98174
MAGED2,DEG20113097,Q9UNF1
USP51,DEG20113098,Q70EK9
FAM120C,DEG20113099,Q9NX05
ALAS2,DEG20113100,P22557
GNL3L,DEG20113101,Q9NVN8
MSN,DEG20113102,P26038
ARHGEF9,DEG20113103,O43307
ZC3H12B,DEG20113104,Q5HYM0
AMER1,DEG20113105,Q5JTC6
IGBP1,DEG20113106,P78318
EDA,DEG20113107,Q92838
OPHN1,DEG20113108,O60890
AR,DEG20113109,P10275
CXorf65,DEG20113110,A6NEN9
ZMYM3,DEG20113111,Q14202
TAF1,DEG20113112,P21675
TEX11,DEG20113113,Q8IYF3
MED12,DEG20113114,Q93074
KIF4A,DEG20113115,O95239
SLC7A3,DEG20113116,Q8WY07
IL2RG,DEG20113117,P31785
NONO,DEG20113118,Q15233
OGT,DEG20113119,O15294
ACRC,DEG20113120,Q96QF7
DLG3,DEG20113121,Q92796
HDAC8,DEG20113122,Q9BY41
RLIM,DEG20113123,Q9NVW2
SLC16A2,DEG20113124,P36021
KIAA2022,DEG20113125,Q5QGS0
ABCB7,DEG20113126,O75027
ERCC6L,DEG20113127,Q2NKX8
ATRX,DEG20113128,P46100
TBX22,DEG20113129,Q9Y458
ATP7A,DEG20113130,Q04656
PGK1,DEG20113131,P00558
ZNF711,DEG20113132,Q9Y462
PCDH11X,DEG20113133,Q9BZA7
BRWD3,DEG20113134,Q6RI45
CHM,DEG20113135,P24386
DIAPH2,DEG20113136,O60879
PCDH19,DEG20113137,Q8TAB3
CENPI,DEG20113138,Q92674
GLA,DEG20113139,P06280
SRPX2,DEG20113140,O60687
BTK,DEG20113141,Q06187
PLP1,DEG20113142,P60201
FAM199X,DEG20113143,Q6PEV8
MORC4,DEG20113144,Q8TE76
IL1RAPL2,DEG20113145,Q9NP60
FRMPD3,DEG20113146,Q5JV73
AMMECR1,DEG20113147,Q9Y4X0
MID2,DEG20113148,Q9UJV3
ACSL4,DEG20113149,O60488
COL4A6,DEG20113150,Q14031
ATG4A,DEG20113151,Q8WYN0
COL4A5,DEG20113152,P29400
RGAG1,DEG20113153,Q8NET4
AMOT,DEG20113154,Q4VCS5
ALG13,DEG20113155,Q9NP73
LRCH2,DEG20113156,Q5VUJ6
PAK3,DEG20113157,O75914
CAPN6,DEG20113158,Q9Y6Q1
SLC6A14,DEG20113159,Q9UN76
TRPC5,DEG20113160,Q9UL62
PLS3,DEG20113161,P13797
NKAP,DEG20113162,Q8N5F7
UPF3B,DEG20113163,Q9BZI7
CXorf56,DEG20113164,Q9H5V9
SEPT6,DEG20113165,Q14141
WDR44,DEG20113166,Q5JSH3
DOCK11,DEG20113167,Q5JSL3
NKRF,DEG20113168,O15226
IL13RA1,DEG20113169,P78552
LAMP2,DEG20113170,P13473
CUL4B,DEG20113171,Q13620
TENM1,DEG20113172,Q9UKZ4
XIAP,DEG20113173,P98170
THOC2,DEG20113174,Q8NI27
OCRL,DEG20113175,Q01968
SMARCA1,DEG20113176,P28370
STAG2,DEG20113177,Q8N3U4
GRIA3,DEG20113178,P42263
UTP14A,DEG20113179,Q9BVJ6
BCORL1,DEG20113180,Q5H9F3
AIFM1,DEG20113181,O95831
ARHGAP36,DEG20113182,Q6ZRI8
SLC25A14,DEG20113183,O95258
ZNF280C,DEG20113184,Q8ND82
FRMD7,DEG20113185,Q6ZUT3
IGSF1,DEG20113186,Q8N6C5
PHF6,DEG20113187,Q8IWS0
DDX26B,DEG20113188,Q5JSJ4
GPC3,DEG20113189,P51654
HPRT1,DEG20113190,P00492
GPC4,DEG20113191,O75487
FHL1,DEG20113192,Q13642
FGF13,DEG20113193,Q92913
SLC9A6,DEG20113194,Q92581
MCF2,DEG20113195,P10911
HTATSF1,DEG20113196,O43719
ARHGEF6,DEG20113197,Q15052
F9,DEG20113198,P00740
RBMX,DEG20113199,P38159
ATP11C,DEG20113200,Q8NB49
IDS,DEG20113201,P22304
MTM1,DEG20113202,Q13496
AFF2,DEG20113203,P51816
MTMR1,DEG20113204,Q13613
NSDHL,DEG20113205,Q15738
BGN,DEG20113206,P21810
HAUS7,DEG20113207,Q99871
SLC6A8,DEG20113208,P48029
ATP2B3,DEG20113209,Q16720
IDH3G,DEG20113210,P51553
ABCD1,DEG20113211,P33897
IRAK1,DEG20113212,P51617
PDZD4,DEG20113213,Q76G19
RENBP,DEG20113214,P51606
HCFC1,DEG20113215,P51610
OPN1LW,DEG20113216,P04000
ARHGAP4,DEG20113217,P98171
L1CAM,DEG20113218,P32004
FLNA,DEG20113219,P21333
G6PD,DEG20113220,P11413
RPL10,DEG20113221,P27635
TKTL1,DEG20113222,P51854
GDI1,DEG20113223,P31150
TAZ,DEG20113224,Q16635
FAM50A,DEG20113225,Q14320
PLXNA3,DEG20113226,P51805
MPP1,DEG20113227,Q00013
GAB3,DEG20113228,Q8WWW8
DKC1,DEG20113229,O60832
F8,DEG20113230,P00451
